pid,kind,lang,dir_text,body
P001,prose,hi,निर्देश : दिए गए गद्यांश को पढ़कर पूछे गए प्रश्नों के सही/सबसे उपयुक्त उत्तर वाले विकल्प चुनिए।,"भाषा केवल विचार-विनिमय का साधन नहीं, वह किसी जाति की संचित स्मृति है। जिस जाति की भाषा मर जाती है, उसका इतिहास भी धीरे-धीरे धुँधला पड़ जाता है। विकसित भाषा की पहली पहचान यह है कि वह अपने भीतर नए विचारों को समोने की सामर्थ्य रखती हो। उधार लिए हुए शब्द भाषा को दुर्बल नहीं करते, बशर्ते वे उसकी प्रकृति में घुल-मिल जाएँ। जैसे नदी में मिलकर सहायक धाराएँ अपना नाम खो देती हैं, वैसे ही गृहीत शब्द भाषा के प्रवाह में अपना परायापन खो देते हैं। दुर्बलता तब आती है जब भाषा अपने ही बोलने वालों को हीन लगने लगे।"
P002,poem,hi,निर्देश : दी गई कविता/काव्यांश को पढ़कर पूछे गए प्रश्नों के सही/सबसे उपयुक्त उत्तर वाले विकल्प चुनिए।,"अरुण यह मधुमय देश हमारा।
जहाँ पहुँच अनजान क्षितिज को मिलता एक सहारा।
सरस तामरस गर्भ विभा पर नाच रही तरुशिखा मनोहर,
छिटका जीवन हरियाली पर मंगल कुंकुम सारा।
लघु सुरधनु से पंख पसारे शीतल मलय समीर सहारे,
उड़ते खग जिस ओर मुँह किए समझ नीड़ निज प्यारा।"
P003,prose,en,Directions : Read the passage/extract given below and answer the questions by selecting the correct/most appropriate options.,"Every language carries within it a way of seeing. When a language disappears, the world loses not merely a set of sounds but an entire library of observation — the names of plants no botanist has catalogued, the words for kinds of snow, of rain, of grief. Linguists estimate that one language dies roughly every fortnight. India, with over seven hundred languages, is both the richest and the most vulnerable of nations in this respect. Preserving a language is not nostalgia; it is the preservation of knowledge that took centuries to accumulate and takes only a generation to lose."
P004,poem,en,Directions : Read the poem given below and answer the questions by selecting the correct/most appropriate options.,"I wandered lonely as a cloud
That floats on high o'er vales and hills,
When all at once I saw a crowd,
A host, of golden daffodils;
Beside the lake, beneath the trees,
Fluttering and dancing in the breeze."
P005,chart,hi,निर्देश : दिए गए गद्यांश को पढ़कर पूछे गए प्रश्नों के सही/सबसे उपयुक्त उत्तर वाले विकल्प चुनिए।,"120°
90°
75°
45°
30°

क्रिकेट / Cricket
फुटबॉल / Football
हॉकी / Hockey
बैडमिंटन / Badminton
अन्य / Others"
P006,prose,hi,निर्देश : दिए गए गद्यांश को पढ़कर पूछे गए प्रश्नों के सही/सबसे उपयुक्त उत्तर वाले विकल्प चुनिए।,"स्वाध्याय का सबसे बड़ा लाभ यह नहीं कि उससे जानकारी बढ़ती है; सबसे बड़ा लाभ यह है कि उससे विचारों में स्वतन्त्रता और मौलिकता आती है। पुस्तकें मौन गुरु हैं — वे न डाँटती हैं, न थकती हैं, और न ही यह आग्रह करती हैं कि उनकी बात मान ही ली जाए। किन्तु जो व्यक्ति केवल पढ़ता है और सोचता नहीं, वह विद्वान नहीं, प्रतिध्वनि मात्र रह जाता है। पढ़ना बीज बोना है, सोचना उसे सींचना है; दोनों के बिना फसल नहीं उगती। इसीलिए कहा गया है कि आधा पढ़कर पूरा सोचने वाला, पूरा पढ़कर बिलकुल न सोचने वाले से कहीं आगे रहता है।"
P007,poem,hi,निर्देश : दी गई कविता/काव्यांश को पढ़कर पूछे गए प्रश्नों के सही/सबसे उपयुक्त उत्तर वाले विकल्प चुनिए।,"क्षमा शोभती उस भुजंग को जिसके पास गरल हो।
उसको क्या जो दन्तहीन विषरहित विनीत सरल हो॥
तीन दिवस तक पंथ माँगते रघुपति सिन्धु किनारे।
बैठे पढ़ते रहे छन्द अनुनय के प्यारे-प्यारे॥
उत्तर में जब एक नाद भी उठा नहीं सागर से।
उठी अधीर धधक पौरुष की आग राम के शर से॥"
P008,prose,en,Directions : Read the passage/extract given below and answer the questions by selecting the correct/most appropriate options.,"The Himalaya is often called the Third Pole, for it holds more frozen water than anywhere outside the Arctic and Antarctic. Nearly two billion people depend on the rivers it feeds. Yet its glaciers are retreating faster than the global average. What makes the loss deceptive is its slowness: a glacier does not vanish in a season, and so the alarm never quite sounds. By the time a river runs thin in April, the ice that fed it melted decades ago. Adaptation, therefore, cannot wait for proof; it must begin with foresight."
P009,poem,en,Directions : Read the poem given below and answer the questions by selecting the correct/most appropriate options.,"Whose woods these are I think I know.
His house is in the village though;
He will not see me stopping here
To watch his woods fill up with snow.

The woods are lovely, dark and deep,
But I have promises to keep,
And miles to go before I sleep,
And miles to go before I sleep."
P010,chart,hi,निर्देश : दिए गए गद्यांश को पढ़कर पूछे गए प्रश्नों के सही/सबसे उपयुक्त उत्तर वाले विकल्प चुनिए।,"0200400
600800

सोम
मंगल
बुध
गुरु
शुक्र

400600300
700500
दैनिक पुस्तक-बिक्री / Daily Book Sales"
