exams,section,topic,difficulty,pid,pseq,p_kind,p_dir,p_body,q_hi,a_hi,b_hi,c_hi,d_hi,q_en,a_en,b_en,c_en,d_en,ans,source,is_pyq,years
utet1,english,Comprehension — Passage,2,P003,61,,,,"According to the passage, when a language disappears, the world loses :",only a set of sounds,an entire library of observation,only its script,only its literature,,,,,,1,UTET26-SET-P Q61,0,
utet1,english,Comprehension — Passage,2,P003,62,,,,Linguists estimate that one language dies roughly every :,day,week,fortnight,year,,,,,,2,UTET26-SET-P Q62,0,
utet1,english,Comprehension — Passage,2,P003,63,,,,India is called 'both the richest and the most vulnerable' because it :,has the largest population,"has over seven hundred languages, many of them endangered",has many scripts,has ancient literature,,,,,,1,UTET26-SET-P Q63,0,
utet1,english,Comprehension — Passage,2,P003,64,,,,The word 'nostalgia' in the passage means :,scientific research,sentimental longing for the past,fear of the future,careful planning,,,,,,1,UTET26-SET-P Q64,0,
utet1,english,Comprehension — Passage,2,P003,65,,,,The central idea of the passage is that :,languages are difficult to learn,preserving a language preserves accumulated knowledge,English should replace regional languages,linguists are pessimistic,,,,,,1,UTET26-SET-P Q65,0,
utet1,english,Comprehension — Passage,2,P008,61,,,,The Himalaya is called the 'Third Pole' because it :,is the third highest range,holds more frozen water than anywhere outside the Arctic and Antarctic,lies between two poles,has three peaks,,,,,,1,UTET26-SET-Q Q61,0,
utet1,english,Comprehension — Passage,2,P008,62,,,,"According to the passage, what makes the loss of glaciers deceptive is its :",invisibility,slowness,distance,complexity,,,,,,1,UTET26-SET-Q Q62,0,
utet1,english,Comprehension — Passage,2,P008,63,,,,The word 'retreating' in the passage means :,advancing,shrinking or withdrawing,freezing,expanding,,,,,,1,UTET26-SET-Q Q63,0,
utet1,english,Comprehension — Passage,2,P008,64,,,,"According to the author, adaptation must begin with :",proof,foresight,funding,legislation,,,,,,1,UTET26-SET-Q Q64,0,
utet1,english,Comprehension — Passage,2,P008,65,,,,The overall tone of the passage is :,humorous,cautionary,indifferent,nostalgic,,,,,,1,UTET26-SET-Q Q65,0,
utet1,english,Comprehension — Poem,2,P004,66,,,,The above lines have been written by :,John Keats,William Wordsworth,P. B. Shelley,Thomas Gray,,,,,,1,UTET26-SET-P Q66,0,
utet1,english,Comprehension — Poem,2,P004,67,,,,'I wandered lonely as a cloud' — the figure of speech used is :,Metaphor,Simile,Personification,Hyperbole,,,,,,1,UTET26-SET-P Q67,0,
utet1,english,Comprehension — Poem,2,P004,68,,,,The word 'host' in the poem means :,a party giver,a large number,a soldier,a guest,,,,,,1,UTET26-SET-P Q68,0,
utet1,english,Comprehension — Poem,2,P004,69,,,,'Fluttering and dancing in the breeze' gives the daffodils a human quality. This device is :,Simile,Metaphor,Personification,Irony,,,,,,2,UTET26-SET-P Q69,0,
utet1,english,Comprehension — Poem,2,P004,70,,,,The rhyme scheme of the given stanza is :,AABBCC,ABABCC,ABBACC,ABCABC,,,,,,1,UTET26-SET-P Q70,0,
utet1,english,Comprehension — Poem,2,P009,66,,,,The above lines have been written by :,Robert Frost,W. B. Yeats,William Blake,Emily Dickinson,,,,,,0,UTET26-SET-Q Q66,0,
utet1,english,Comprehension — Poem,2,P009,67,,,,The rhyme scheme of the first stanza is :,AABA,ABAB,AABB,ABBA,,,,,,0,UTET26-SET-Q Q67,0,
utet1,english,Comprehension — Poem,2,P009,68,,,,The line 'And miles to go before I sleep' is repeated. This device is called :,Simile,Repetition (Refrain),Metaphor,Pun,,,,,,1,UTET26-SET-Q Q68,0,
utet1,english,Comprehension — Poem,2,P009,69,,,,"'The woods are lovely, dark and deep' symbolises :",fear of the forest,the attraction of rest and escape,the coming of winter,the poet's poverty,,,,,,1,UTET26-SET-Q Q69,0,
utet1,english,Comprehension — Poem,2,P009,70,,,,'But I have promises to keep' suggests the poet's :,forgetfulness,sense of duty and responsibility,desire for wealth,loneliness,,,,,,1,UTET26-SET-Q Q70,0,
utet1,english,ELT Methods,2,,,,,,"According to NCF 2005, 'Language across the curriculum' implies that :",only the language teacher teaches language,every teacher is a language teacher,language should be taught separately,language needs no teaching,,,,,,1,UTET26-SET-P Q86,0,
utet1,english,ELT Methods,2,,,,,,The Silent Way method mainly emphasises :,continuous teacher talk,learner autonomy with minimum teacher talk,grammar translation,rote memorisation,,,,,,1,UTET26-SET-P Q87,0,
utet1,english,ELT Methods,2,,,,,,Role play in the language classroom chiefly develops :,handwriting,communicative and speaking competence,spelling accuracy,reading speed,,,,,,1,UTET26-SET-P Q88,1,2021
utet1,english,ELT Methods,2,,,,,,The Grammar-Translation Method chiefly emphasises :,oral fluency,translation and explicit grammar rules,listening comprehension,role play,,,,,,1,UTET26-SET-Q Q86,0,
utet1,english,ELT Methods,2,,,,,,"In Communicative Language Teaching, learners' errors are viewed as :",failures to be punished,a natural part of the learning process,reasons for repeating the class,signs of low intelligence,,,,,,1,UTET26-SET-Q Q87,0,
utet1,english,ELT Methods,2,,,,,,A language laboratory is chiefly used to improve :,handwriting,pronunciation and listening skills,grammar rules,essay writing,,,,,,1,UTET26-SET-Q Q88,0,
utet1,english,Figures of Speech,2,,,,,,'The camel is the ship of the desert.' The figure of speech is :,Simile,Metaphor,Personification,Alliteration,,,,,,1,UTET26-SET-P Q89,0,
utet1,english,Figures of Speech,2,,,,,,'Peter Piper picked a peck of pickled peppers.' The figure of speech is :,Alliteration,Simile,Metaphor,Onomatopoeia,,,,,,0,UTET26-SET-P Q90,0,
utet1,english,Figures of Speech,2,,,,,,"'O Death, where is thy sting ?' The figure of speech used is :",Apostrophe,Simile,Metaphor,Hyperbole,,,,,,0,UTET26-SET-Q Q89,0,
utet1,english,Figures of Speech,2,,,,,,'The silence was deafening.' The figure of speech used is :,Simile,Oxymoron,Metaphor,Alliteration,,,,,,1,UTET26-SET-Q Q90,0,
utet1,english,Grammar,2,,,,,,He is ............ M.A. in English.,a,an,the,no article,,,,,,1,UTET26-SET-P Q74,0,
utet1,english,Grammar,2,,,,,,She insisted ............ paying the bill herself.,at,for,on,with,,,,,,2,UTET26-SET-P Q75,0,
utet1,english,Grammar,2,,,,,,She ............ in this school for the last five years.,teaches,is teaching,has been teaching,taught,,,,,,2,UTET26-SET-P Q76,0,
utet1,english,Grammar,2,,,,,,"Change into indirect speech : He said, ""I am unwell.""",He said that I am unwell.,He said that he was unwell.,He says that he is unwell.,He told that he is unwell.,,,,,,1,UTET26-SET-P Q77,0,
utet1,english,Grammar,2,,,,,,Change into passive voice : The students are reading books.,Books were read by the students.,Books are being read by the students.,Books have been read by the students.,Books are read by the students.,,,,,,1,UTET26-SET-P Q78,0,
utet1,english,Grammar,2,,,,,,Change into superlative degree : No other boy in the class is as tall as Ram.,Ram is taller than any other boy in the class.,Ram is the tallest boy in the class.,Ram is as tall as other boys.,No boy is tall like Ram.,,,,,,1,UTET26-SET-P Q79,0,
utet1,english,Grammar,2,,,,,,Neither of the two boys ............ present in the class.,are,were,was,have,,,,,,2,UTET26-SET-Q Q74,0,
utet1,english,Grammar,2,,,,,,He is senior ............ me by three years.,than,to,from,of,,,,,,1,UTET26-SET-Q Q75,0,
utet1,english,Grammar,2,,,,,,"If I ............ a bird, I would fly to the mountains.",am,was,were,will be,,,,,,2,UTET26-SET-Q Q76,0,
utet1,english,Grammar,2,,,,,,"Change into indirect speech : She said, ""What a beautiful scene !""",She said that what a beautiful scene.,She exclaimed that it was a very beautiful scene.,She asked what a beautiful scene was.,She told that the scene is beautiful.,,,,,,1,UTET26-SET-Q Q77,0,
utet1,english,Grammar,2,,,,,,Change into passive voice : Someone has stolen my bag.,My bag was stolen.,My bag has been stolen.,My bag is stolen.,My bag had been stolen.,,,,,,1,UTET26-SET-Q Q78,0,
utet1,english,Grammar,2,,,,,,The teacher as well as the students ............ happy with the result.,are,were,is,have,,,,,,2,UTET26-SET-Q Q79,0,
utet1,english,Idioms,2,,,,,,The idiom 'To burn the midnight oil' means :,to waste money,to work or study late into the night,to light a lamp,to quarrel at night,,,,,,1,UTET26-SET-P Q80,0,
utet1,english,Idioms,2,,,,,,The idiom 'A blessing in disguise' means :,a hidden curse,something good that at first seemed bad,a secret gift,an open threat,,,,,,1,UTET26-SET-P Q81,0,
utet1,english,Idioms,2,,,,,,The idiom 'To turn a deaf ear' means :,to listen carefully,to refuse to listen or ignore,to become deaf,to whisper,,,,,,1,UTET26-SET-Q Q80,0,
utet1,english,Idioms,2,,,,,,The idiom 'At the eleventh hour' means :,at eleven o'clock,at the last possible moment,very early,after midnight,,,,,,1,UTET26-SET-Q Q81,0,
utet1,english,Language Skills,2,,,,,,Listening and Reading are classified as :,Productive skills,Receptive skills,Active skills,Mechanical skills,,,,,,1,UTET26-SET-P Q84,0,
utet1,english,Language Skills,2,,,,,,Which of the following is NOT a productive skill ?,Speaking,Writing,Reading,None of these,,,,,,2,UTET26-SET-P Q85,0,
utet1,english,Language Skills,2,,,,,,'Skimming' a text means reading :,word by word,quickly to get the general idea,to locate a specific detail,aloud for the class,,,,,,1,UTET26-SET-Q Q84,0,
utet1,english,Language Skills,2,,,,,,'Scanning' a text means reading :,for overall pleasure,quickly to locate specific information,very slowly,only the conclusion,,,,,,1,UTET26-SET-Q Q85,0,
utet1,english,Phonology,2,,,,,,The smallest distinctive unit of sound in a language is called :,Morpheme,Phoneme,Syllable,Grapheme,,,,,,1,UTET26-SET-P Q83,0,
utet1,english,Phonology,2,,,,,,The total number of vowel sounds (phonemes) in English is :,5,12,20,26,,,,,,2,UTET26-SET-Q Q83,0,
utet1,english,Spelling,2,,,,,,Choose the correctly spelt word :,Occurence,Ocurrence,Occurrence,Occurrance,,,,,,2,UTET26-SET-P Q82,0,
utet1,english,Spelling,2,,,,,,Choose the correctly spelt word :,Concientious,Conscientous,Conscientious,Consciencious,,,,,,2,UTET26-SET-Q Q82,0,
utet1,english,Synonym/Antonym,2,,,,,,Choose the synonym of 'Ubiquitous' :,Rare,Omnipresent,Doubtful,Ancient,,,,,,1,UTET26-SET-P Q71,0,
utet1,english,Synonym/Antonym,2,,,,,,Choose the antonym of 'Prudent' :,Wise,Reckless,Careful,Thrifty,,,,,,1,UTET26-SET-P Q72,0,
utet1,english,Synonym/Antonym,2,,,,,,Choose the synonym of 'Sagacious' :,Foolish,Wise,Angry,Lazy,,,,,,1,UTET26-SET-P Q73,0,
utet1,english,Synonym/Antonym,2,,,,,,Choose the synonym of 'Ephemeral' :,Everlasting,Short-lived,Powerful,Delicate,,,,,,1,UTET26-SET-Q Q71,0,
utet1,english,Synonym/Antonym,2,,,,,,Choose the antonym of 'Verbose' :,Talkative,Concise,Lengthy,Complex,,,,,,1,UTET26-SET-Q Q72,0,
utet1,english,Synonym/Antonym,2,,,,,,Choose the synonym of 'Meticulous' :,Careless,Extremely careful,Hasty,Rude,,,,,,1,UTET26-SET-Q Q73,0,
