pid,kind,lang,dir_text,body
P001,prose,hi,<b>निर्देश :</b> निम्नलिखित गद्यांश को ध्यानपूर्वक पढ़कर पूछे गए प्रश्नों (प्र. 31 से 35) के सर्वाधिक उचित उत्तर वाले विकल्प का चयन कीजिए :,"भाषा केवल विचार-विनिमय का साधन नहीं, वह किसी जाति की संचित स्मृति है। जिस जाति की भाषा मर जाती है, उसका इतिहास भी धीरे-धीरे धुँधला पड़ जाता है। विकसित भाषा की पहली पहचान यह है कि वह अपने भीतर नए विचारों को समोने की सामर्थ्य रखती हो। उधार लिए हुए शब्द भाषा को दुर्बल नहीं करते, बशर्ते वे उसकी प्रकृति में घुल-मिल जाएँ। जैसे नदी में मिलकर सहायक धाराएँ अपना नाम खो देती हैं, वैसे ही गृहीत शब्द भाषा के प्रवाह में अपना परायापन खो देते हैं। दुर्बलता तब आती है जब भाषा अपने ही बोलने वालों को हीन लगने लगे।"
P002,poem,hi,<b>निर्देश :</b> निम्नलिखित काव्यांश को पढ़कर पूछे गए प्रश्नों (प्र. 36 से 40) के उत्तर दीजिए :,"अरुण यह मधुमय देश हमारा।<br>जहाँ पहुँच अनजान क्षितिज को मिलता एक सहारा।<br>सरस तामरस गर्भ विभा पर नाच रही तरुशिखा मनोहर,<br>छिटका जीवन हरियाली पर मंगल कुंकुम सारा।<br>लघु सुरधनु से पंख पसारे शीतल मलय समीर सहारे,<br>उड़ते खग जिस ओर मुँह किए समझ नीड़ निज प्यारा।"
P003,prose,en,<b>Directions :</b> Read the following passage carefully and choose the most appropriate option for questions (Q. 61 to 65) :,"Every language carries within it a way of seeing. When a language disappears, the world loses not merely a set of sounds but an entire library of observation — the names of plants no botanist has catalogued, the words for kinds of snow, of rain, of grief. Linguists estimate that one language dies roughly every fortnight. India, with over seven hundred languages, is both the richest and the most vulnerable of nations in this respect. Preserving a language is not nostalgia; it is the preservation of knowledge that took centuries to accumulate and takes only a generation to lose."
P004,poem,en,<b>Directions :</b> Read the following stanza and answer questions (Q. 66 to 70) :,"I wandered lonely as a cloud<br>That floats on high o&#39;er vales and hills,<br>When all at once I saw a crowd,<br>A host, of golden daffodils;<br>Beside the lake, beneath the trees,<br>Fluttering and dancing in the breeze."
P005,chart,hi,"<b>निर्देश (प्र. 119–120) :</b> नीचे दिया गया पाई-चार्ट एक विद्यालय के <b>720</b> विद्यार्थियों की खेल-रुचि दर्शाता है।<br><span style=""font-size:12.5px""><b>Directions (Q. 119–120) :</b> The pie-chart shows the sports preference of <b>720</b> students of a school.</span>","<svg viewBox=""0 0 300 200"" width=""300"" height=""200"" style=""max-width:100%"">
<g transform=""translate(95,100)"">
<path d=""M0,0 L75,0 A75,75 0 0,1 -37.5,64.95 Z"" fill=""#2563eb""/>
<path d=""M0,0 L-37.5,64.95 A75,75 0 0,1 -75,0 Z"" fill=""#dc2626""/>
<path d=""M0,0 L-75,0 A75,75 0 0,1 -19.41,-72.44 Z"" fill=""#059669""/>
<path d=""M0,0 L-19.41,-72.44 A75,75 0 0,1 37.5,-64.95 Z"" fill=""#d97706""/>
<path d=""M0,0 L37.5,-64.95 A75,75 0 0,1 75,0 Z"" fill=""#7c3aed""/>
<text x=""30"" y=""35"" fill=""#fff"" font-size=""11"" font-weight=""700"">120°</text>
<text x=""-52"" y=""30"" fill=""#fff"" font-size=""11"" font-weight=""700"">90°</text>
<text x=""-54"" y=""-25"" fill=""#fff"" font-size=""11"" font-weight=""700"">75°</text>
<text x=""-4"" y=""-52"" fill=""#fff"" font-size=""11"" font-weight=""700"">45°</text>
<text x=""38"" y=""-32"" fill=""#fff"" font-size=""11"" font-weight=""700"">30°</text></g>
<g font-size=""10.5"" font-family=""sans-serif"">
<rect x=""195"" y=""28"" width=""10"" height=""10"" fill=""#2563eb""/><text x=""210"" y=""37"">क्रिकेट / Cricket</text>
<rect x=""195"" y=""48"" width=""10"" height=""10"" fill=""#dc2626""/><text x=""210"" y=""57"">फुटबॉल / Football</text>
<rect x=""195"" y=""68"" width=""10"" height=""10"" fill=""#059669""/><text x=""210"" y=""77"">हॉकी / Hockey</text>
<rect x=""195"" y=""88"" width=""10"" height=""10"" fill=""#d97706""/><text x=""210"" y=""97"">बैडमिंटन / Badminton</text>
<rect x=""195"" y=""108"" width=""10"" height=""10"" fill=""#7c3aed""/><text x=""210"" y=""117"">अन्य / Others</text></g></svg>"
P006,prose,hi,<b>निर्देश :</b> निम्नलिखित गद्यांश को ध्यानपूर्वक पढ़कर पूछे गए प्रश्नों (प्र. 31 से 35) के सर्वाधिक उचित उत्तर वाले विकल्प का चयन कीजिए :,"स्वाध्याय का सबसे बड़ा लाभ यह नहीं कि उससे जानकारी बढ़ती है; सबसे बड़ा लाभ यह है कि उससे विचारों में स्वतन्त्रता और मौलिकता आती है। पुस्तकें मौन गुरु हैं — वे न डाँटती हैं, न थकती हैं, और न ही यह आग्रह करती हैं कि उनकी बात मान ही ली जाए। किन्तु जो व्यक्ति केवल पढ़ता है और सोचता नहीं, वह विद्वान नहीं, प्रतिध्वनि मात्र रह जाता है। पढ़ना बीज बोना है, सोचना उसे सींचना है; दोनों के बिना फसल नहीं उगती। इसीलिए कहा गया है कि आधा पढ़कर पूरा सोचने वाला, पूरा पढ़कर बिलकुल न सोचने वाले से कहीं आगे रहता है।"
P007,poem,hi,<b>निर्देश :</b> निम्नलिखित काव्यांश को पढ़कर पूछे गए प्रश्नों (प्र. 36 से 40) के उत्तर दीजिए :,क्षमा शोभती उस भुजंग को जिसके पास गरल हो।<br>उसको क्या जो दन्तहीन विषरहित विनीत सरल हो॥<br>तीन दिवस तक पंथ माँगते रघुपति सिन्धु किनारे।<br>बैठे पढ़ते रहे छन्द अनुनय के प्यारे-प्यारे॥<br>उत्तर में जब एक नाद भी उठा नहीं सागर से।<br>उठी अधीर धधक पौरुष की आग राम के शर से॥
P008,prose,en,<b>Directions :</b> Read the following passage carefully and choose the most appropriate option for questions (Q. 61 to 65) :,"The Himalaya is often called the Third Pole, for it holds more frozen water than anywhere outside the Arctic and Antarctic. Nearly two billion people depend on the rivers it feeds. Yet its glaciers are retreating faster than the global average. What makes the loss deceptive is its slowness: a glacier does not vanish in a season, and so the alarm never quite sounds. By the time a river runs thin in April, the ice that fed it melted decades ago. Adaptation, therefore, cannot wait for proof; it must begin with foresight."
P009,poem,en,<b>Directions :</b> Read the following stanzas and answer questions (Q. 66 to 70) :,"Whose woods these are I think I know.<br>His house is in the village though;<br>He will not see me stopping here<br>To watch his woods fill up with snow.<br><br>The woods are lovely, dark and deep,<br>But I have promises to keep,<br>And miles to go before I sleep,<br>And miles to go before I sleep."
P010,chart,hi,"<b>निर्देश (प्र. 119–120) :</b> नीचे दिया गया दंड-आलेख एक पुस्तक-विक्रेता की पाँच दिनों की बिक्री दर्शाता है।<br><span style=""font-size:12.5px""><b>Directions (Q. 119–120) :</b> The bar graph below shows a bookseller&#39;s sales over five days.</span>","<svg viewBox=""0 0 320 190"" width=""320"" height=""190"" style=""max-width:100%"">
<line x1=""40"" y1=""160"" x2=""310"" y2=""160"" stroke=""#333"" stroke-width=""1.5""/>
<line x1=""40"" y1=""20"" x2=""40"" y2=""160"" stroke=""#333"" stroke-width=""1.5""/>
<g font-size=""9"" fill=""#555"">
<text x=""14"" y=""163"">0</text><text x=""8"" y=""128"">200</text><text x=""8"" y=""93"">400</text>
<text x=""8"" y=""58"">600</text><text x=""8"" y=""23"">800</text></g>
<g>
<rect x=""55"" y=""90"" width=""34"" height=""70"" fill=""#2563eb""/><text x=""58"" y=""175"" font-size=""9.5"">सोम</text>
<rect x=""104"" y=""55"" width=""34"" height=""105"" fill=""#dc2626""/><text x=""107"" y=""175"" font-size=""9.5"">मंगल</text>
<rect x=""153"" y=""107"" width=""34"" height=""53"" fill=""#059669""/><text x=""157"" y=""175"" font-size=""9.5"">बुध</text>
<rect x=""202"" y=""37"" width=""34"" height=""123"" fill=""#d97706""/><text x=""205"" y=""175"" font-size=""9.5"">गुरु</text>
<rect x=""251"" y=""72"" width=""34"" height=""88"" fill=""#7c3aed""/><text x=""255"" y=""175"" font-size=""9.5"">शुक्र</text></g>
<g font-size=""9.5"" font-weight=""700"" fill=""#111"">
<text x=""62"" y=""85"">400</text><text x=""111"" y=""50"">600</text><text x=""160"" y=""102"">300</text>
<text x=""209"" y=""32"">700</text><text x=""258"" y=""67"">500</text></g>
<text x=""150"" y=""14"" font-size=""10.5"" font-weight=""700"">दैनिक पुस्तक-बिक्री / Daily Book Sales</text></svg>"
