exams,section,topic,difficulty,pid,pseq,p_kind,p_dir,p_body,q_hi,a_hi,b_hi,c_hi,d_hi,q_en,a_en,b_en,c_en,d_en,ans,source,is_pyq,years
utet1,cdp,प्रसिद्ध कथन,2,,,,,,'द फ्री चाइल्ड' किताब किसने लिखी ?,ए० एस० नेल,रूसो,फ्रेडरिक,पी० सी० ब्रेन,Who wrote the book 'The Free Child' ?,A. S. Neil,Rousseau,Fredrick,P. C. Wren,0,UTET 2026 Q1,1,2026
utet1,cdp,समावेशी शिक्षा,2,,,,,,"यदि कोई बच्चा आर्थिक रूप से कमजोर होने के कारण किताबें नहीं खरीद सकता, तो शिक्षक को क्या करना चाहिए ?",उसे कक्षा से बाहर बैठाना चाहिए,उसे डाँटना चाहिए,वैकल्पिक शिक्षण सामग्री उपलब्ध कराने का प्रयास करना चाहिए,उसे परीक्षा से वंचित करना चाहिए,What should a teacher do if a child cannot buy books due to financial constraints ?,He/she should be made to sit outside the classroom,He/she should be scolded,Effort should be made to provide alternative learning materials,He/she should be debarred from examination,2,UTET 2026 Q2,1,2026
utet1,cdp,समावेशी शिक्षा,2,,,,,,"प्रतिभाशाली, अपराधी, बहरे और गूंगे सभी बच्चे शामिल किए जाते हैं :",मानसिक रूप से असाधारण बच्चे,भावात्मक रूप से असाधारण बच्चे,शारीरिक रूप से दिव्यांग बच्चे,असाधारण बच्चे,"Gifted, delinquents, deaf and dumb children are all included in :",Mentally exceptional children,Emotionally exceptional children,Physically handicapped children,Exceptional children,3,UTET 2026 Q3,1,2026
utet1,cdp,समावेशी शिक्षा,2,,,,,,निम्न में से कौन-सा कथन सही है ?,सभी अधिगम कठिनाई वाले बच्चों की बुद्धि कम होती है,अधिगम कठिनाई और बुद्धि हमेशा एक ही बात है,अधिगम कठिनाई वाले कई बच्चों की बुद्धि सामान्य या उससे अधिक हो सकती है,ऐसे बच्चे सीख नहीं सकते,Which of the following statement is correct ?,All children with learning difficulties have low intelligence,Learning difficulty and intelligence are always the same thing,Many children with learning difficulties may have average or above average intelligence,These children cannot learn,2,UTET 2026 Q4,1,2026
utet1,cdp,समावेशी शिक्षा,2,,,,,,"यदि कोई बच्चा व्हील चेयर का उपयोग करता है, तो शिक्षक की पहली जिम्मेदारी क्या है ?",कक्षा को सुलभ बनाना,उसे खेलों से दूर रखना,केवल अभिभावक पर निर्भर रहना,बच्चे को घर भेज देना,"If a child uses a wheel chair, the teacher's first responsibility is to :",ensure the classroom is accessible,keep the child away from games,depend only on parents,send the child home,0,UTET 2026 Q5,1,2026
utet1,cdp,अभिप्रेरणा,2,,,,,,मैस्लो के आत्म-साक्षात्कार सिद्धान्त में आवश्यकताओं का निम्नतम पदानुक्रम है :,सुरक्षा की आवश्यकता,शारीरिक आवश्यकता,आत्म-साक्षात्कार,प्रेम की आवश्यकता,"In the Maslow theory of self-actualization of personality, the lowest hierarchy of needs is :",Safety needs,Physiological needs,Self-actualization,Love needs,1,UTET 2026 Q6,1,2026
utet1,cdp,भाषा विकास,2,,,,,,निम्न में से भाषा विकास की प्रथम अवस्था है :,क्रन्दन,कूइंग और बलबलाना,हाव-भाव,स्वर एवं व्यंजन ध्वनियाँ निकालना,The first stage of language development is :,Crying,Cooing and Babbling,Gestures,Producing vowel and consonant sounds,0,UTET 2026 Q7,1,2026
utet1,cdp,वृद्धि एवं विकास,2,,,,,,सुझावग्रहणशीलता निम्न में से किस अवस्था में सर्वाधिक पायी जाती है ?,पूर्व बाल्यावस्था,प्रारंभिक वयस्कता,वयःसन्धि अवस्था,किशोरावस्था,In which of the following stages is suggestibility found the most ?,Early childhood,Early adulthood,Puberty,Adolescence,3,UTET 2026 Q8,1,2026
utet1,cdp,संवेग,2,,,,,,एक बच्चा परीक्षा के समय बहुत घबरा जाता है और सही उत्तर जानते हुए भी भूल जाता है। इसका मुख्य कारण है :,कम बुद्धिमत्ता,भावनात्मक तनाव का संज्ञान पर प्रभाव,खराब लिखावट,गृहकार्य की कमी,A child becomes very anxious during exam and forgets answers despite knowing them. The main reason for this is :,Low intelligence,Emotional stress affecting cognition,Poor handwriting,Lack of homework,1,UTET 2026 Q9,1,2026
utet1,cdp,लिंग एवं समानता,2,,,,,,निम्न में से कौन-सा व्यवहार शिक्षक के पूर्वाग्रह को दर्शाता है ?,बच्चों की प्रशंसा करना,लड़कों से अधिक प्रश्न पूछना और लड़कियों को कम अवसर देना,सभी बच्चों को समान अवसर देना,समूह गतिविधियाँ कराना,Which of the following behaviour reflects a teacher's bias ?,Praising children,Asking more questions to boys and giving fewer opportunities to girls,Providing equal opportunities to all children,Engaging in group activities,1,UTET 2026 Q10,1,2026
utet1,cdp,शिक्षण विधियाँ,2,,,,,,"यदि बच्चे किसी समस्या के अलग-अलग समाधान प्रस्तुत करते हैं, तो शिक्षक को क्या करना चाहिए ?",अनदेखा करना,गलत उत्तर पर दंड देना,सभी तर्कसंगत समाधानों पर चर्चा करना,केवल एक उत्तर स्वीकार करना,"If children suggest different solutions to a problem, the teacher should :",ignore them,punish on incorrect answers,encourage discussion on all logical solutions,accept only one answer,2,UTET 2026 Q11,1,2026
utet1,cdp,शिक्षण विधियाँ,2,,,,,,शिक्षण सहायक सामग्री के प्रयोग में सबसे प्रमुख बात है :,आकर्षक हो,चमकीली हो,आकार ठीक हो,विषय से संबंधित हो,The main point regarding the use of teaching aids is to :,Be attractive,Be radiant,Be proper in size,Be relevant to the topic,3,UTET 2026 Q12,1,2026
utet1,cdp,वृद्धि एवं विकास,2,,,,,,मानव शरीर विकास का कौन-सा सिद्धान्त कहता है कि विकास शरीर के केन्द्र से बाहरी अंगों की ओर होता है ?,समीप-दूराभिमुख सिद्धान्त,मस्तकाधोमुखी सिद्धान्त,व्यक्तिगत विभिन्नता,सामान्य से विशिष्ट,Which principle of human body development states that development proceeds from the centre of the body towards the extremities ?,Proximodistal principle,Cephalocaudal principle,Individual differences,General to specific,0,UTET 2026 Q13,1,2026
utet1,cdp,वृद्धि एवं विकास,2,,,,,,बाल विकास का अर्थ है :,केवल शारीरिक परिवर्तन,केवल वजन बढ़ना,गुणात्मक एवं मात्रात्मक परिवर्तन,केवल ऊँचाई बढ़ना,The meaning of child development is :,only physical change,only increase in weight,qualitative and quantitative changes,only increase in height,2,UTET 2026 Q14,1,2026
utet1,cdp,संज्ञानात्मक विकास,2,,,,,,वाइगोत्स्की के अनुसार संज्ञानात्मक विकास को प्रभावित करने वाला कारक है :,केवल आनुवंशिकता,सामाजिक अंतःक्रिया और संस्कृति,केवल बुद्धि,केवल परिपक्वता,"According to Vygotsky, cognitive development is influenced by which factor ?",only heredity,social interaction and culture,only intelligence,only maturation,1,UTET 2026 Q15,1,2026
utet1,cdp,संज्ञानात्मक विकास,2,,,,,,मूर्त संक्रियात्मक अवस्था की आयु होती है :,0–2 वर्ष,2–7 वर्ष,11–15 वर्ष,7–11 वर्ष,Concrete operational stage occurs at the age of :,0–2 years,2–7 years,11–15 years,7–11 years,3,UTET 2026 Q16,1,2026
utet1,cdp,शिक्षण विधियाँ,2,,,,,,"जब बच्चे मिलकर किसी परियोजना पर कार्य करते हैं, तो वे मुख्य रूप से विकसित करते हैं :",सामाजिक और सहयोगात्मक कौशल,रटने का कौशल,लिखावट,केवल प्रतिस्पर्धात्मक दृष्टिकोण,"When children work together on a project, they mainly develop :",Social and collaborative skills,Rote memorization skills,Handwriting,Competitive approach only,0,UTET 2026 Q17,1,2026
utet1,cdp,समावेशी शिक्षा,2,,,,,,"वह कक्षा जहाँ सभी विद्यार्थी अपने विचार व्यक्त कर सकते हैं, वह कहलाती है :",कठोर कक्षा,समावेशी कक्षा,पक्षपातपूर्ण कक्षा,भेदभावपूर्ण कक्षा,A classroom where all students can express their views is called :,Rigid classroom,Inclusive classroom,Biased classroom,Discriminatory classroom,1,UTET 2026 Q18,1,2026
utet1,cdp,प्रसिद्ध कथन,2,,,,,,'नवीन ज्ञान का विकास पूर्व ज्ञान के आधार पर किया जाना चाहिए।' — यह किसने कहा ?,कोलस्निक,जे० एम० स्टीफन,स्टाउट,सी० ई० स्किनर,'The development of new knowledge should be based on previous knowledge.' Who said this ?,Kolesnik,J. M. Stephen,Stout,C. E. Skinner,0,UTET 2026 Q19,1,2026
utet1,cdp,नीति एवं अधिनियम,2,,,,,,एन०ई०पी० 2020 के अनुसार शुरुआती शिक्षा में मातृभाषा/स्थानीय भाषा को शामिल करने से मुख्य रूप से बढ़ावा मिलता है :,बेहतर वैचारिक समझ और संज्ञानात्मक विकास,अनुवाद पर बढ़ती निर्भरता,कम हुई बहुभाषी क्षमता,खास क्षेत्रीय पहचान,"According to NEP-2020, integrating the mother tongue/local language in early education primarily promotes :",Better conceptual understanding and cognitive development,Increased dependence on translation,Reduced multilingual competence,Exclusive regional identity,0,UTET 2026 Q20,1,2026
utet1,cdp,बुद्धि,2,,,,,,बहु-आयामी बुद्धि जोर देती है :,केवल स्मृति पर,शिक्षार्थियों की विभिन्न क्षमताओं पर,बुद्धि लब्धि अंक पर,केवल प्राप्तांकों पर,Multi-dimensional intelligence focuses :,only on memory,on different abilities of learners,on I.Q. score only,only on marks,1,UTET 2026 Q21,1,2026
utet1,cdp,शिक्षण विधियाँ,2,,,,,,शिक्षक छात्रों से चर्चा कर समाधान खोजने को कहता है। यह कथन दर्शाता है :,शिक्षक केन्द्रित शिक्षण,परम्परागत शिक्षण विधि,रटकर सीखना,बाल केन्द्रित शिक्षण,A teacher asks students to discuss and find solutions. This statement shows :,Teacher centred teaching,Traditional method of teaching,Rote learning,Child centred teaching,3,UTET 2026 Q22,1,2026
utet1,cdp,संज्ञानात्मक विकास,2,,,,,,जीन पियाजे के अनुसार बच्चा निम्न में से किस अवस्था में शब्दावली सीखना शुरू करता है ?,संवेदी पेशीय अवस्था,पूर्व-संक्रियात्मक अवस्था,मूर्त-संक्रियात्मक अवस्था,औपचारिक संक्रियात्मक अवस्था,A child begins to acquire vocabulary in which stage according to Jean Piaget ?,Sensory motor stage,Pre-operational stage,Concrete-operational stage,Formal-operational stage,1,UTET 2026 Q23,1,2026
utet1,cdp,मूल्यांकन,2,,,,,,रचनात्मक मूल्यांकन का मुख्य उद्देश्य है :,केवल पदोन्नति प्रदान करना,प्रमाणपत्र प्रदान करना,अधिगम में सुधार करना,विद्यार्थियों को रैंक प्रदान करना,The main purpose of formative assessment is to :,Provide promotion only,Grant of certificate,Improve learning,Assign rank to students,2,UTET 2026 Q24,1,2026
utet1,cdp,समावेशी शिक्षा,2,,,,,,समावेशी कक्षा में दिव्यांग बच्चों के लिए सबसे प्रभावी रणनीति कौन-सी है ?,उन्हें अलग कक्षा में पढ़ाना,सभी के लिए एक जैसी गतिविधि,आवश्यकतानुसार शिक्षण में अनुकूलन करना,केवल परीक्षा पर ध्यान देना,Which is the most effective strategy for children with disabilities in an inclusive classroom ?,Teach them separately,Same activity for everyone,Provide necessary adaptations in teaching,Focus only on exams,2,UTET 2026 Q25,1,2026
utet1,cdp,व्यक्तित्व,2,,,,,,फ्रायड के मनोविश्लेषण सिद्धान्त की किस संकल्पना के अंतर्गत प्रतिवर्ती क्रिया और प्राथमिक प्रक्रिया आते हैं ?,इद,ईगो,परम अहम्,चिंता,Reflex action and primary processes are part of which concept of Freud's theory of psychoanalysis ?,Id,Ego,Super ego,Anxiety,0,UTET 2026 Q26,1,2026
utet1,cdp,समावेशी शिक्षा,2,,,,,,"एक बच्चा गणित की गणनाओं में बार-बार गलती करता है, जबकि अन्य विषयों में अच्छा है। यह किसकी ओर संकेत करता है ?",डिस्कैल्कुलिया,डिस्लेक्सिया,ऑटिज्म,श्रवण बाधिता,A child repeatedly struggles with mathematical calculations but performs well in other subjects. This indicates :,Dyscalculia,Dyslexia,Autism,Hearing impairment,0,UTET 2026 Q27,1,2026
utet1,cdp,संवेग,2,,,,,,"जब बालकों का आत्मविश्वास या आत्मसम्मान किसी बाह्य उद्दीपक द्वारा कम होता है, तब कौन-सा संवेग उत्पन्न होता है ?",क्रोध,चिन्ता या भय,परेशानी,शर्मीलापन,"When children's self-confidence or self-esteem is reduced by an external stimulus, which emotion is generated ?",Anger,Anxiety or fear,Trouble,Shyness,1,UTET 2026 Q28,1,2026
utet1,cdp,वैयक्तिक भिन्नता,2,,,,,,बच्चे के अर्जित व्यवहार के लिए मुख्य रूप से कौन-सा कारक जिम्मेदार है ?,माता-पिता,वातावरण,शिक्षक,आनुवंशिकता,Which factor is mainly responsible for a child's acquired behaviour ?,Parents,Environment,Teacher,Heredity,1,UTET 2026 Q29,1,2026
utet1,cdp,संज्ञानात्मक विकास,2,,,,,,पियाजे ने अपने विकास सिद्धान्त में निम्न में से किसकी भूमिका को महत्वपूर्ण माना है ?,संज्ञान,जैविक कारक,विषम स्थिति,आन्तरीकरण,Which of the following did Piaget consider crucial in his developmental theory ?,Cognition,Biological factors,Heterostasis,Internalization,0,UTET 2026 Q30,1,2026
utet1,hindi,अपठित पद्यांश,2,K1,31,poem,निर्देश : निम्नलिखित पद्यांश को पढ़कर पूछे गये प्रश्नों (प्र. 31 से 34) के सर्वाधिक उचित उत्तर वाले विकल्प का चयन कीजिए :,"माना आज मशीनी युग में, समय बहुत महँगा है<br>लेकिन तुम थोड़ा अवकाश निकालो, तुमसे दो बातें करनी हैं।<br>उम्र बहुत बाकी है, लेकिन, उम्र बहुत छोटी भी तो है<br>एक स्वप्न मोती का है तो, एक स्वप्न रोटी भी तो है<br>घुटनों में माथा रखने से पोखर पार नहीं होता है;<br>सोया है विश्वास जगा लो, हम सबको नदियाँ तरनी हैं!<br><br>मन छोटा करने से मोटा काम नहीं छोटा होता है,<br>नेह-कोष को खुलकर बाँटो, कभी नहीं टोटा होता है,<br>आँसू वाला अर्थ न समझो, तो सब ज्ञान व्यर्थ जाएँगे;<br>मत सच का आभास दबा लो, शाश्वत आग नहीं मरनी है।",कविता में 'उम्र बहुत छोटी भी तो है' का क्या तात्पर्य है ?,जीवन में जिम्मेदारियों का अधिक होना,जीवन की अनिश्चितता और क्षणभंगुरता,समय का बहुत तेजी से बीतना,जीवन में दुःखों का अधिक होना,,,,,,1,UTET 2026 Q31,1,2026
utet1,hindi,अपठित पद्यांश,2,K1,32,,,,"'एक स्वप्न मोती का है तो, एक स्वप्न रोटी भी तो है' पंक्ति का क्या आशय है ?",मोती और रोटी दोनों ही अनमोल हैं,जीवन में भौतिक सुख-सुविधाएँ और मूलभूत आवश्यकताएँ दोनों आवश्यक हैं,अमीर और गरीब के सपनों में अंतर होता है,मनुष्य को केवल भोजन के बारे में सोचना चाहिए,,,,,,1,UTET 2026 Q32,1,2026
utet1,hindi,अपठित पद्यांश,2,K1,33,,,,'घुटनों में माथा रखने से पोखर पार नहीं होता है' के माध्यम से कवि क्या संदेश देना चाहता है ?,रोने-धोने से मुसीबतें कम नहीं होतीं,"केवल चिंता या निराशा में डूबे रहने से कठिनाइयों का हल नहीं निकलता, प्रयास करना जरूरी है",पोखर तैरकर ही पार किया जा सकता है,हिम्मत हारकर बैठ जाना ही समझदारी है,,,,,,1,UTET 2026 Q33,1,2026
utet1,hindi,अपठित पद्यांश,2,K1,34,,,,कवि 'नेह-कोष को खुलकर बाँटने' की सलाह क्यों दे रहा है ?,"क्योंकि प्रेम बाँटने से कभी कम नहीं होता, बल्कि बढ़ता है",क्योंकि धन-दौलत बाँटने से कम हो जाती है,क्योंकि दुनिया में प्रेम की बहुत कमी है,क्योंकि लोग प्रेम का मोल नहीं समझते,,,,,,0,UTET 2026 Q34,1,2026
utet1,hindi,भाषा शिक्षण,2,,,,,,ध्वनि विज्ञान शिक्षण की प्रमुख विधि नहीं है :,सामूहिक अभ्यास विधि,भाषा प्रयोगशाला विधि,अनुकरण विधि,समीक्षा विधि,,,,,,3,UTET 2026 Q35,1,2026
utet1,hindi,हिन्दी साहित्य,2,,,,,,निर्गुण सन्त कवियों के संदर्भ में कौन-सा कथन सही नहीं है ?,अधिकतर कवियों की भाषा का रूप स्थिर नहीं है,अधिकतर कवि काव्यरस या लौकिक रस के प्रति सजग नहीं रहे,अधिकतर कवियों का ध्यान जनहित की रचनाओं के साथ-साथ काव्योत्कर्ष पर भी रहता था,अधिकतर सन्त कवियों की भाषा सरल और सहज है,,,,,,2,UTET 2026 Q36,1,2026
utet1,hindi,काव्यशास्त्र,2,,,,,,'जब शेर आया तो युद्ध क्षेत्र से गीदड़ भाग गए' — इस वाक्य में कौन-सी शब्द शक्ति है ?,व्यंजना,लक्षणा,अभिधा,इनमें से कोई नहीं,,,,,,1,UTET 2026 Q37,1,2026
utet1,hindi,हिन्दी साहित्य,2,,,,,,'पुष्टिमार्ग' का आधार है :,शुद्धाद्वैतवाद,द्वैतवाद,विशिष्टाद्वैतवाद,द्वैताद्वैतवाद,,,,,,0,UTET 2026 Q38,1,2026
utet1,hindi,उत्तराखण्ड भाषा,2,,,,,,निम्नांकित में गढ़वाली की उपबोली है :,खसपरजिया,पछाई,जोहारी,सलाणी,,,,,,3,UTET 2026 Q39,1,2026
utet1,hindi,भाषा शिक्षण,2,,,,,,मौन वाचन शिक्षण का उद्देश्य है :,तार्किक योग्यता का विकास,मनन शक्ति,दोनों (A) व (B),इनमें से कोई नहीं,,,,,,2,UTET 2026 Q40,1,2026
utet1,hindi,भाषा शिक्षण,2,,,,,,वाक्य रचना के शिक्षण हेतु कौन अधिक उपयुक्त है ?,काव्य,गद्य,चंपू,इनमें से कोई नहीं,,,,,,1,UTET 2026 Q41,1,2026
utet1,hindi,हिन्दी साहित्य,2,,,,,,रिपोर्ताज किस भाषा का शब्द है ?,अंग्रेजी,फ्रांसीसी,जर्मन,पुर्तगाली,,,,,,1,UTET 2026 Q42,1,2026
utet1,hindi,हिन्दी साहित्य,2,,,,,,मैथिलीशरण गुप्त के बारे में असंगत है :,क्लिष्ट खड़ी बोली में काव्य रचना,राष्ट्रीय भावना से ओतप्रोत रचनाओं का सृजन,हिन्दी के जातीय मात्रिक छन्दों का प्रयोग,गृहस्थ जीवन में प्रचलित आख्यानों की रचना,,,,,,0,UTET 2026 Q43,1,2026
utet1,hindi,भाषा शिक्षण,2,,,,,,मातृभाषा की प्रमुख शिक्षण विधि निम्नलिखित में से है :,अनुकरण विधि,पर्यवेक्षण विधि,अप्रत्यक्ष विधि,वैस्ट विधि,,,,,,0,UTET 2026 Q44,1,2026
utet1,hindi,भाषा शिक्षण,2,,,,,,लोकगीत भाषा शिक्षण में किस तरह उपयोगी नहीं हो सकते हैं ?,लोकगीतों से भाषा शिक्षण अप्रभावी बनता है,लोकगीतों से बच्चे संस्कृतिगत विशेषताओं से परिचित होते हैं,लोकगीत बच्चे जल्दी सीखते हैं,लोकगीत शब्द ज्ञान बढ़ाने में सहायक होते हैं,,,,,,0,UTET 2026 Q45,1,2026
utet1,hindi,काव्यशास्त्र,2,,,,,,'चमकि बीजु बन गरजि तरासा। विरह काल होई जीव गरासा।।' — इस पंक्ति के सन्दर्भ में असत्य कथन है :,विरह का मानवीकरण,अवधी भाषा का प्रयोग,वियोग शृंगार,प्रकृति का आलम्बन रूप में चित्रण,,,,,,3,UTET 2026 Q46,1,2026
utet1,hindi,हिन्दी साहित्य,2,,,,,,द्विवेदी युग में कौन-सा महाकाव्य लिखा गया है ?,लोकायतन,प्रिय प्रवास,कामायनी,इनमें से कोई नहीं,,,,,,1,UTET 2026 Q47,1,2026
utet1,hindi,काव्यशास्त्र,2,,,,,,"'कंकन किंकिनि नूपुर धुनि सुनि, कहत लखन सन रामु हृदय गुनि' में कौन-से काव्य गुण की प्रधानता है ?",माधुर्य,प्रसाद,ओज,इनमें से कोई नहीं,,,,,,0,UTET 2026 Q48,1,2026
utet1,hindi,काव्यशास्त्र,2,,,,,,भरत के रस सूत्र के व्याख्याता आचार्य शंकुक का सिद्धांत कहलाता है :,उत्पत्तिवाद,अभिव्यंजनावाद,अनुमितिवाद,भुक्तिवाद,,,,,,2,UTET 2026 Q49,1,2026
utet1,hindi,वर्ण-विचार,2,,,,,,'अघोष' व्यंजन हैं :,क ख च छ,य र ल व,न ब भ म,इनमें से कोई नहीं,,,,,,0,UTET 2026 Q50,1,2026
utet1,hindi,हिन्दी साहित्य,2,,,,,,छायावाद को 'शक्ति काव्य' किसने कहा है ?,डॉ० रामदरश मिश्र,डॉ० रामस्वरूप चतुर्वेदी,डॉ० नामवर सिंह,डॉ० बच्चन सिंह,,,,,,1,UTET 2026 Q51,1,2026
utet1,hindi,हिन्दी साहित्य,2,,,,,,केंद्रीय हिंदी संस्थान का मुख्यालय कहाँ है ?,आगरा,बरेली,लखनऊ,प्रयागराज,,,,,,0,UTET 2026 Q52,1,2026
utet1,hindi,भाषा शिक्षण,2,,,,,,एफ० जी० फ्रेंच द्वारा भाषा शिक्षण के संरचनात्मक आयाम के सिद्धांतों में से नहीं है :,वाचन पर बल देना,कल्पना का विकास करना,भाषायी आदतों का विकास करना,छात्रों की क्रियाशीलता,,,,,,1,UTET 2026 Q53,1,2026
utet1,hindi,छंद/अलंकार/रस,2,,,,,,"'निज भाषा उन्नति अहै, सब उन्नति कौ मूल। बिन निज भाषा ज्ञान के, मिटै न हिय को सूल।।' — इन पंक्तियों में कौन-सा छन्द है ?",दोहा,रोला,चौपाई,बरवै,,,,,,0,UTET 2026 Q54,1,2026
utet1,hindi,भाषा शिक्षण,2,,,,,,निम्न में कविता शिक्षण की विधि है :,तुलना विधि,समीक्षा विधि,व्यास विधि,उपरोक्त सभी,,,,,,3,UTET 2026 Q55,1,2026
utet1,hindi,अपठित गद्यांश,2,K2,56,prose,निर्देश : निम्नलिखित गद्यांश को पढ़कर पूछे गये प्रश्नों (प्र. 56 से 59) के सर्वाधिक उचित उत्तर वाले विकल्प का चयन कीजिए :,"जब समाचार-पत्रों में सर्वसाधारण के लिए कोई सूचना प्रकाशित की जाती है, तो उसको विज्ञापन कहते हैं। कुछ लोग विज्ञापन के आलोचक हैं। वे इसे निरर्थक मानते हैं। उनका मानना है कि यदि कोई वस्तु यथार्थ रूप में अच्छी है, तो वह बिना किसी विज्ञापन के ही लोकप्रिय हो जाएगी, परंतु लोगों की यह सोच गलत है। आज के युग में प्रचार-प्रसार का दायरा व्यापक हो चुका है, अतः विज्ञापनों का होना अनिवार्य हो जाता है। यदि कोई व्यक्ति या कंपनी किसी वस्तु का निर्माण करती है, उसे उत्पादक कहा जाता है; उन वस्तुओं को खरीदने वाला उपभोक्ता कहलाता है। विज्ञापन इन दोनों को जोड़ने का कार्य करता है तथा माँग और पूर्ति में संतुलन स्थापित करने का प्रयत्न करता है। पुराने जमाने में किसी वस्तु की अच्छाई का विज्ञापन मौखिक तरीके से होता था — काबुल का मेवा, कश्मीर की ज़री का काम, दक्षिण भारत के मसाले आदि की प्रसिद्धि मौखिक रूप से होती थी। आज संचार क्रांति ने जिंदगी को गति दे दी है। मनुष्य की आवश्यकताएँ बढ़ती जा रही हैं, इसलिए विज्ञापन मानव जीवन की अनिवार्यता बन गया है।",विज्ञापन का मुख्य उद्देश्य क्या है ?,वस्तुओं का निर्माण करना,वस्तुओं को खरीदना,उत्पादक और उपभोक्ता को जोड़ना,वस्तुओं का भंडारण करना,,,,,,2,UTET 2026 Q56,1,2026
utet1,hindi,अपठित गद्यांश,2,K2,57,,,,विज्ञापन के आलोचक क्या मानते हैं ?,विज्ञापन आवश्यक है,विज्ञापन निरर्थक है,विज्ञापन वस्तुओं की माँग बढ़ाता है,विज्ञापन शक्तिशाली माध्यम है,,,,,,1,UTET 2026 Q57,1,2026
utet1,hindi,अपठित गद्यांश,2,K2,58,,,,पुराने समय में काबुल के मेवे और कश्मीर की ज़री का काम कैसे प्रसिद्ध होता था ?,विज्ञापन से,घोड़ों से,संदेशवाहकों से,मौखिक रूप से,,,,,,3,UTET 2026 Q58,1,2026
utet1,hindi,अपठित गद्यांश,2,K2,59,,,,विज्ञापन क्यों अनिवार्य हो गया है ?,मनुष्य की आवश्यकताएँ बढ़ने से,संचार क्रांति के कारण समय की गति तीव्र होने से,उपभोक्ता बढ़ने से,उपर्युक्त सभी कारणों से,,,,,,3,UTET 2026 Q59,1,2026
utet1,hindi,हिन्दी साहित्य,2,,,,,,'दसरथ सुत तिहुँ लोक बखाना। राम नाम का मरम है आना।।' — किस कवि की पंक्ति है ?,तुलसीदास,कबीरदास,केशवदास,रामानन्द,,,,,,1,UTET 2026 Q60,1,2026
utet1,english,Language Skills,2,,,,,,Listening and reading are classified as which type of skills ?,Productive skills,Creative skills,Receptive skills,Expressive skills,,,,,,2,UTET 2026 Q61,1,2026
utet1,english,ELT Methods,2,,,,,,The Communicative Language Teaching (CLT) approach focuses mainly on :,Memorizing complex grammar rules,Translating texts word-for-word,"Developing meaningful, real life communication",Perfecting handwriting and spelling,,,,,,2,UTET 2026 Q62,1,2026
utet1,english,Comprehension — Passage,2,K3,63,prose,Directions : Read the passage given below and answer the questions (Q. 63 to 66) that follow by selecting the most appropriate option :,"The celebration of ""workaholism"" has long been a foundational pillar of corporate culture. Employees who routinely sacrifice their sleep, personal relationships and leisure time are consistently rewarded with promotions and public praise. This glorification of constant busyness treats human labour as a machine that can run indefinitely without maintenance. However, this hyper-productive ethos masks a deeper structural crisis: severe mental burnout and a collapse of employee well-being. When a workspace transforms into a pressure cooker of endless deadlines, creativity is ironically the very first casualty. True innovation requires cognitive breathing room — periods of stillness where the brain can connect unrelated ideas. By chaining individuals to a relentless cycle of immediate reactive tasks, organizations trade long-term creative breakthroughs for short-term, superficial productivity metrics. This toxic environment does not just harm the individual worker; it eventually erodes the collective intellectual capital of the enterprise itself, proving that the cult of endless hustle is ultimately a self-defeating strategy.","According to the passage, corporate culture values employees who :",Balance their work and personal life effectively,Prioritize physical health and sleep over targets,Sacrifice leisure time and sleep for constant busyness,Focus inclusively on long term creative projects,,,,,,2,UTET 2026 Q63,1,2026
utet1,english,Comprehension — Passage,2,K3,64,,,,Why does the author use the word 'ironically' when discussing creativity ?,Because modern companies are famous for being highly creative places,Because a culture meant to increase output actually destroys the ability to innovate,Because employees enjoy the stress of working under pressure,Because machines are better at being creative than humans are,,,,,,1,UTET 2026 Q64,1,2026
utet1,english,Comprehension — Passage,2,K3,65,,,,Which word best describes the tone of the author in the second paragraph ?,Celebratory and enthusiastic,Critical and cautionary,Indifferent and neutral,Humorous and playful,,,,,,1,UTET 2026 Q65,1,2026
utet1,english,Comprehension — Passage,2,K3,66,,,,"In 'creativity is ironically the very first casualty', what does the word 'casualty' mean ?",A casual or relaxed approach,A sudden financial reward,Something that is lost or destroyed as a result of an event,A new corporate rule or policy,,,,,,2,UTET 2026 Q66,1,2026
utet1,english,Idioms,2,,,,,,The manager told the team that it was time to call it a day after working for ten straight hours.,To start a brand new project,To schedule an early morning meeting,To stop working on something for the rest of the day,To complain about the heavy workload,,,,,,2,UTET 2026 Q67,1,2026
utet1,english,Synonym/Antonym,2,,,,,,Choose the correct antonym : The young defense attorney was praised for her candid assessment of the case.,Frank,Sincere,Devout,Deceitful,,,,,,3,UTET 2026 Q68,1,2026
utet1,english,Language Skills,2,,,,,,Which is considered the first stage of a child's language development before actual words are spoken ?,Telegraphic speech,Two-word stage,Babbling (Pre-linguistic stage),Holophrastic stage,,,,,,2,UTET 2026 Q69,1,2026
utet1,english,Grammar,2,,,,,,Choose the part which contains an error : The captain along with / his crew members / were praised for / their bravery during the storm.,The captain along with,his crew members,were praised for,their bravery during the storm,,,,,,2,UTET 2026 Q70,1,2026
utet1,english,Synonym/Antonym,2,,,,,,A remedy for all diseases :,Antibiotic,Vaccine,Antidote,Panacea,,,,,,3,UTET 2026 Q71,1,2026
utet1,english,Synonym/Antonym,2,,,,,,"Incapable of being corrected, reformed or improved :",Infallible,Illegible,Incorrigible,Invincible,,,,,,2,UTET 2026 Q72,1,2026
utet1,english,Comprehension — Passage,2,K4,73,prose,Directions : Read the passage given below and answer the questions (Q. 73 to 76) that follow by selecting the most appropriate option :,"<b>Patience is better than wisdom :</b> An ounce of patience is worth a pound of brains. All men praise patience, but few can practise it. It is medicine which is good for all diseases, but it is not every garden that grows the herbs to make it with. Many people are born crying, live complaining and die disappointed. They think every other person's burden to be light and their own feathers to be heavy as lead, and yet if the truth were known, it is their fancy rather than their fate that makes things go so hard with them. Many would be well off if they could but think so.","The writer's remark, 'It is their fancy rather than their fate' means :",They are unhappy because they think that way and not because it is their destiny,They are fatalists rather than imaginative,They have a wrong approach in life,They are very much absorbed in their own problems,,,,,,0,UTET 2026 Q73,1,2026
utet1,english,Comprehension — Passage,2,K4,74,,,,Which is the most likely explanation of 'it is not every garden that grows the herbs to make it with' ?,Patience is a must for solving all our problems in life,Patience is a rare herb that cures all diseases,Patience is quite difficult to practice,It is only a small number of people that are found observing patience in life,,,,,,3,UTET 2026 Q74,1,2026
utet1,english,Comprehension — Passage,2,K4,75,,,,What is patience compared to in the passage ?,A medicine,A weapon,A treasure,A book,,,,,,0,UTET 2026 Q75,1,2026
utet1,english,Comprehension — Passage,2,K4,76,,,,Which word is closest in meaning to 'patience' ?,Anger,Endurance,Hurry,Fear,,,,,,1,UTET 2026 Q76,1,2026
utet1,english,Grammar,2,,,,,,He took a map with him ............ he should lose his way in the dense forest.,otherwise,lest,unless,in case of,,,,,,1,UTET 2026 Q77,1,2026
utet1,english,Synonym/Antonym,2,,,,,,Choose the correct synonym : The architectural firm designed a colossal stadium.,Immense,Tiny,Modern,Ancient,,,,,,0,UTET 2026 Q78,1,2026
utet1,english,Grammar,2,,,,,,"Indirect form : The manager said to the team, ""We must complete this assignment by tomorrow.""",The manager told the team that they must complete that assignment by tomorrow.,The manager told the team that they had to complete that assignment the next day.,The manager said to the team that we had to complete this assignment the next day.,The manager told the team that they must have completed that assignment the next day.,,,,,,1,UTET 2026 Q79,1,2026
utet1,english,Grammar,2,,,,,,"Indirect form : ""Where did you park the car ?"" Rohan asked his sister.",Rohan asked his sister where did she park the car.,Rohan asked his sister where she has parked the car.,Rohan asked his sister if she had parked the car.,Rohan asked his sister where she had parked the car.,,,,,,3,UTET 2026 Q80,1,2026
utet1,english,Idioms,2,,,,,,Complete using appropriate phrasal verb : We ............ an old friend while shopping yesterday.,ran into,looked up,came up,turned up,,,,,,0,UTET 2026 Q81,1,2026
utet1,english,Language Skills,2,,,,,,Which skill is most critical for building fundamental sound awareness and correct pronunciation ?,Reading,Writing,Listening,Memorization,,,,,,2,UTET 2026 Q82,1,2026
utet1,english,Grammar,2,,,,,,"While I ............ my homework, the power went out.",am doing,was doing,did,were doing,,,,,,1,UTET 2026 Q83,1,2026
utet1,english,Grammar,2,,,,,,"At the stroke of midnight, my family and I ............ to our favourite songs when the doorbell rang.",listened,had listened,listen,were listening,,,,,,3,UTET 2026 Q84,1,2026
utet1,english,Phonology,2,,,,,,Phoneme refers to the smallest unit of :,Meaning,Grammar,Writing,Sound,,,,,,3,UTET 2026 Q85,1,2026
utet1,english,ELT Methods,2,,,,,,What is the primary purpose of a diagnostic test in language pedagogy ?,To grade students at the end of a course,"To identify specific learning difficulties, strengths and weaknesses of a student",To determine a student's proficiency level for college admission,To compare a student's performance with a normative group of peers,,,,,,1,UTET 2026 Q86,1,2026
utet1,english,Grammar,2,,,,,,Identify the part of speech of the underlined word : The project failed because the team did not cooperate effectively.,Noun,Adjective,Adverb,Verb,,,,,,3,UTET 2026 Q87,1,2026
utet1,english,ELT Methods,2,,,,,,Which method bans the use of the learning native language ?,Direct Method,Grammar Translation Method,Bilingual Method,Structural approach,,,,,,0,UTET 2026 Q88,1,2026
utet1,english,Grammar,2,,,,,,"The professor ............ we all respect highly has published a new book, ............ she hopes will revolutionize the field of linguistics.","who, that","whom, who","whom, which","that, which",,,,,,2,UTET 2026 Q89,1,2026
utet1,english,Grammar,2,,,,,,Identify the part of speech of the underlined word : She speaks softly to the children.,Noun,Verb,Adverb,Adjective,,,,,,2,UTET 2026 Q90,1,2026
utet1,math,गणित शिक्षाशास्त्र,2,,,,,,प्राथमिक स्तर पर गणित का क्या महत्व है ?,सांस्कृतिक,सामाजिक,धार्मिक,मानसिक,What is the importance of mathematics at the primary level ?,Cultural,Social,Religious,Mental,0,UTET 2026 Q91,1,2026
utet1,math,बीजगणित,2,,,,,,[(2.3)³ − 0.027] / [(2.3)² + 0.69 + 0.09] का मान क्या है ?,0.3,2.3,1,2,What is the value of [(2.3)³ − 0.027] / [(2.3)² + 0.69 + 0.09] ?,0.3,2.3,1,2,3,UTET 2026 Q92,1,2026
utet1,math,प्रतिशत/लाभ-हानि,2,,,,,,किसी वर्ग की लंबाई व चौड़ाई क्रमशः 40% और 20% बढ़ा दी जाती है तथा एक आयत बनाया जाता है। आयत और वर्ग के क्षेत्रफल का प्रतिशत अन्तर होगा :,68%,69%,72%,74%,The length and breadth of a square are increased by 40% and 20% respectively forming a rectangle. The percentage difference between the areas will be :,68%,69%,72%,74%,0,UTET 2026 Q93,1,2026
utet1,math,समय एवं कार्य,2,,,,,,"यदि 3 आदमी या 4 औरतें किसी खेत को 43 दिन में जोत देते हैं, तो 7 आदमी और 5 औरतें उसे कितने दिन में जोतेंगे ?",8 दिनों में,10 दिनों में,12 दिनों में,11 दिनों में,"If 3 men or 4 women can plough a field in 43 days, then 7 men and 5 women together will complete it in :",8 days,10 days,12 days,11 days,2,UTET 2026 Q94,1,2026
utet1,math,प्रतिशत/लाभ-हानि,2,,,,,,एक वस्तु को ₹ 240 में बेचने पर व्यक्ति को 10% की हानि होती है। 20% लाभ पाने हेतु उसे कितने में बेचे ?,₹ 330,₹ 290,₹ 320,₹ 300,"On selling an article at ₹ 240, a person has 10% loss. What should be the selling price to get 20% profit ?",₹ 330,₹ 290,₹ 320,₹ 300,2,UTET 2026 Q95,1,2026
utet1,math,बीजगणित,2,,,,,,"जब दो चर वाले रैखिक समीकरण का ग्राफ खींचा जाता है, तो वह सदैव होता है :",परवलय,दीर्घवृत्त,सरल रेखा,वृत्त,"When the graph of a linear equation in two variables is drawn, it is always a/an :",Parabola,Ellipse,Straight line,Circle,2,UTET 2026 Q96,1,2026
utet1,math,औसत,2,,,,,,"10 संख्याओं का माध्य 0 है। यदि इनमें 72 और −12 शामिल कर लिए जाएँ, तो नया माध्य क्या होगा ?",6,60,0,5,"The mean of 10 numbers is 0. If 72 and −12 are included, then the new mean will be :",6,60,0,5,3,UTET 2026 Q97,1,2026
utet1,math,संख्या पद्धति,2,,,,,,360 के भाजकों की संख्या क्या है ?,12,18,24,इनमें से कोई नहीं,What is the number of divisors of 360 ?,12,18,24,None of these,2,UTET 2026 Q98,1,2026
utet1,math,गणित शिक्षाशास्त्र,2,,,,,,गणित शिक्षण में सबसे महत्वपूर्ण पहलू क्या है ?,प्रक्रिया याद रखना,सूत्र याद करना,सही उत्तर प्राप्त करना,अवधारणात्मक समझ,The most important thing in Mathematics teaching is :,Remembering process,Remembering formulae,To find exact answer,Conceptual clarity,3,UTET 2026 Q99,1,2026
utet1,math,बीजगणित,2,,,,,,"यदि दो संख्याओं का योग एवं गुणनफल क्रमशः 25 तथा 144 हों, तो उनका अन्तर होगा :",10,7,6,5,"If the sum and product of two numbers are 25 and 144 respectively, then their difference will be :",10,7,6,5,1,UTET 2026 Q100,1,2026
utet1,math,संख्या पद्धति,2,,,,,,एक परिमेय संख्या और एक अपरिमेय संख्या का गुणनफल क्या होता है ?,धन पूर्णांक,अपरिमेय संख्या,भाज्य संख्या,परिमेय संख्या,What is the product of a rational number and an irrational number ?,Positive integer,Irrational number,Composite number,Rational number,1,UTET 2026 Q101,1,2026
utet1,math,संख्या पद्धति,2,,,,,,1/(1+√2) + 1/(√2+√3) + … + 1/(√15+√16) का मान क्या है ?,0,1,2,3,What is the value of 1/(1+√2) + 1/(√2+√3) + … + 1/(√15+√16) ?,0,1,2,3,3,UTET 2026 Q102,1,2026
utet1,math,बीजगणित,2,,,,,,|x| < 3 के लिए x का वास्तविक मान क्या है ?,−3 ≤ x,3 > x,−3 < x < 3,इनमें से कोई नहीं,"The real value of x, for which |x| < 3, is :",−3 ≤ x,3 > x,−3 < x < 3,None of these,2,UTET 2026 Q103,1,2026
utet1,math,संख्या पद्धति,2,,,,,,"पाँच ट्रैफिक लाइटें क्रमशः 8, 10, 12, 15 और 20 सेकण्ड के अन्तराल पर चमकती हैं। एक साथ चमकने के कितने सेकण्ड बाद वे पुनः एक साथ चमकेंगी ?",90,100,120,115,"Five traffic lights flash at intervals of 8, 10, 12, 15 and 20 seconds. After how many seconds will they flash together again ?",90,100,120,115,2,UTET 2026 Q104,1,2026
utet1,math,संख्या पद्धति,2,,,,,,"यदि n कोई धन पूर्णांक संख्या है, तो √n :",सर्वदा एक धन पूर्णांक संख्या है,सर्वदा एक परिमेय संख्या है,सर्वदा एक अपरिमेय संख्या है,"या तो धन पूर्णांक है, या अपरिमेय संख्या है","If n is any positive integer, then √n is :",Always a positive integer,Always a rational number,Always an irrational number,Either a positive integer or an irrational number,3,UTET 2026 Q106,1,2026
utet1,math,क्षेत्रमिति,2,,,,,,216 घन मीटर आयतन वाले एक घनाभ में 6 सेमी भुजा वाले कितने घन फिट किए जा सकते हैं ?,10⁵,10⁴,10³,10⁶,How many cubes of side 6 cm can be fitted into a cuboid of volume 216 m³ ?,10⁵,10⁴,10³,10⁶,3,UTET 2026 Q107,1,2026
utet1,math,संख्या पद्धति,2,,,,,,जुड़वाँ अभाज्य संख्याएँ हैं :,"15, 17","41, 43","31, 33","31, 41",Twin prime numbers are :,"15, 17","41, 43","31, 33","31, 41",1,UTET 2026 Q108,1,2026
utet1,math,औसत,2,,,,,,1 से 199 के बीच 13 से विभाजित होने वाले पूर्णांकों का औसत होगा :,97,99,107,104,"Average of integers divisible by 13, between 1 to 199, is :",97,99,107,104,3,UTET 2026 Q109,1,2026
utet1,math,ज्यामिति,2,,,,,,"एक समबाहु त्रिभुज के अन्तःकेन्द्र, परिकेन्द्र तथा लम्बकेन्द्र होते हैं :",संपाती,संरेख,संचक्रीय,इनमें से कोई नहीं,"Incentre, circumcentre and orthocentre of an equilateral triangle are :",Coincident,Collinear,Concyclic,None of these,0,UTET 2026 Q110,1,2026
utet1,math,संख्या पद्धति,2,,,,,,1780 में कौन-सी न्यूनतम संख्या जोड़कर उसे पूर्ण वर्ग बनाया जा सकता है ?,39,49,59,69,What is the least number that must be added to 1780 to make it a perfect square ?,39,49,59,69,3,UTET 2026 Q111,1,2026
utet1,math,ज्यामिति,2,,,,,,एक सम-अष्टभुज में समरूपता की कितनी रेखाएँ हैं ?,0,1,2,8,How many lines of symmetry does a regular octagon have ?,0,1,2,8,3,UTET 2026 Q112,1,2026
utet1,math,गति-दूरी-समय,2,,,,,,"यदि 135 मीटर लम्बी एक रेलगाड़ी 54 किमी/घण्टे की चाल से गतिमान है, तो वह एक टेलीग्राफ के खम्भे को पार करने में कितना समय लेगी ?",8 सेकण्ड,9 सेकण्ड,10 सेकण्ड,12 सेकण्ड,"If a 135 m long train is moving at a speed of 54 km/h, how much time will it take to cross a telegraph pole ?",8 seconds,9 seconds,10 seconds,12 seconds,1,UTET 2026 Q113,1,2026
utet1,math,गणित शिक्षाशास्त्र,2,,,,,,एक बालक दिए गए माप के आधार पर एक त्रिभुज की रचना कर पाता है। इस गतिविधि द्वारा किस मुख्य उद्देश्य की पूर्ति होती है ?,ग्रहण,प्रत्युत्तर,मूल्यन,कौशल,A child is able to construct a triangle based on given measurements. Which main objective is fulfilled by this activity ?,Acquisition/Reception,Responding,Valuing,Skill,3,UTET 2026 Q114,1,2026
utet1,math,प्रतिशत/लाभ-हानि,2,,,,,,"एक संख्या का 20% यदि 240 है, तो इसी संख्या का 120% होगा :",1440,1400,1450,1460,"If 20% of a number is 240, then 120% of the same number will be :",1440,1400,1450,1460,0,UTET 2026 Q115,1,2026
utet1,math,गणित शिक्षाशास्त्र,2,,,,,,गणित शिक्षण में 'मूल्यांकन' का क्या महत्व है ?,छात्रों की प्रगति का आकलन,शिक्षण विधियों का मूल्यांकन,पाठ्यचर्या में सुधार,उपर्युक्त सभी,What is the importance of 'Evaluation' in Mathematics teaching ?,Assessment of progress of students,Evaluation of teaching methods,Improving the curriculum,All of the above,3,UTET 2026 Q117,1,2026
utet1,math,अनुपात,2,,,,,,"यदि A : B = 2 : 3, B : C = 4 : 5, C : D = 3 : 7, तो ₹ 2100 के कुल धन में A का भाग क्या है ?",₹ 240,₹ 340,₹ 260,₹ 420,"If A : B = 2 : 3, B : C = 4 : 5, C : D = 3 : 7, what is the share of A in a total amount of ₹ 2100 ?",₹ 240,₹ 340,₹ 260,₹ 420,0,UTET 2026 Q118,1,2026
utet1,math,गणित शिक्षाशास्त्र,2,,,,,,गणित की सभी शाखाओं में प्राचीनतम कौन-सी है ?,रेखागणित,अंकगणित,सांख्यिकी,बीजगणित,Which is the oldest among all branches of mathematics ?,Geometry,Arithmetic,Statistics,Algebra,1,UTET 2026 Q119,1,2026
utet1,math,गणित शिक्षाशास्त्र,2,,,,,,गणित शिक्षण के मूल्यांकन में ब्ल्यूप्रिंट है :,विद्यालय की आधारशिला,प्रश्नपत्र निर्माण की आधारशिला,शिक्षण की आधारशिला,छात्रों की आधारशिला,"In the evaluation of mathematics teaching, a blueprint is :",The foundation stone of the school,The foundation stone of question paper formulation,The foundation stone of teaching,The foundation stone of students,1,UTET 2026 Q120,1,2026
utet1,evs,ऊर्जा एवं जलवायु,2,,,,,,ग्रामीण भारत में इलेक्ट्रिक वाहनों को लागू करने में सबसे बड़ी चुनौती क्या है ?,जागरूकता की कमी,वाहनों की उच्च गति,चार्जिंग अवसंरचना,महँगे लाइसेंस,What is the biggest challenge in implementing electric vehicles in rural India ?,Lack of awareness,High speed of vehicles,Charging infrastructure,Expensive licenses,2,UTET 2026 Q121,1,2026
utet1,evs,सतत विकास,2,,,,,,स्थानीय अर्थव्यवस्थाओं का समर्थन करना क्यों महत्वपूर्ण है ?,यह आउटसोर्सिंग में वृद्धि की ओर ले जाता है,यह वैश्विक निगमों को मजबूत करता है,यह परिवहन दूरी को कम करता है और टिकाऊ समुदायों का समर्थन करता है,इसका कोई पर्यावरणीय प्रभाव नहीं होता,Why is it important to support local economies ?,It leads to increase in outsourcing,It strengthens global corporations,It reduces transportation distances and supports sustainable communities,It has no environmental impact,2,UTET 2026 Q122,1,2026
utet1,evs,सतत विकास,2,,,,,,निम्न में से कौन-सी विशेषता टिकाऊ आवास की है ?,उच्च ऊर्जा खपत,स्थानीय और पुनर्नवीनीकरण सामग्री का उपयोग,पक्की सतहों का बड़ा क्षेत्र,गैर-नवीकरणीय ऊर्जा पर निर्भरता,Which of the following is a characteristic of sustainable housing ?,High energy consumption,Use of local and recycled materials,Large area of paved surfaces,Dependence on non-renewable energy,1,UTET 2026 Q123,1,2026
utet1,evs,समाज एवं परिवार,2,,,,,,भारत में पारंपरिक संयुक्त परिवार प्रणाली को सबसे अधिक किस सामाजिक परिवर्तन ने प्रभावित किया है ?,बढ़ती साक्षरता दरें,औद्योगीकरण और शहरी प्रवास,तकनीकी प्रगति,एकल परिवारों की उपलब्धता,Which sociological change has most significantly affected the traditional joint family system in India ?,Increased literacy rates,Industrialization and urban migration,Technological advancement,Availability of nuclear homes,1,UTET 2026 Q124,1,2026
utet1,evs,EVS शिक्षाशास्त्र,2,,,,,,निम्नलिखित में से कौन-सा EVS में शिक्षार्थी-केंद्रित शिक्षण का सर्वोत्तम उदाहरण है ?,श्रुतलेख,प्रश्न-उत्तर विधि,प्रकृति भ्रमण और अवलोकन,केवल पाठ्यपुस्तक से पढ़ना,Which of the following is the best example of a learner-centered pedagogy in EVS ?,Dictation,Question-Answer method,Nature walk and observation,Reading from textbook only,2,UTET 2026 Q125,1,2026
utet1,evs,EVS शिक्षाशास्त्र,2,,,,,,EVS के संदर्भ में विषयवस्तु की विषयगत संरचना का अर्थ है :,पाठ्यक्रम को अलग-अलग तथ्यों में बाँटना,"ज्ञान को भोजन, आवास, जल आदि जैसे अंतर्संबंधित विषयों के माध्यम से प्रस्तुत करना",विषयों को वर्णानुक्रम में पढ़ाना,पाठ्यक्रम को केवल विषयवार बाँटना,"In the context of EVS, thematic organization of content means :",Dividing the syllabus into isolated facts,"Presenting knowledge through interrelated themes such as food, shelter, water etc.",Teaching subjects alphabetically,Dividing the syllabus only subject-wise,1,UTET 2026 Q126,1,2026
utet1,evs,प्रदूषण,2,,,,,,निम्नलिखित में से कौन-सी पर्यावरणीय प्रथा गलत रूप में जोड़ी गई है ?,सौर पैनल — नवीकरणीय ऊर्जा,वर्षा जल संचयन — जल संरक्षण,दहन प्रक्रिया — स्वच्छ वायु,कम्पोस्टिंग — मृदा स्वास्थ्य,Which of the following environmental practices is incorrectly matched ?,Solar panels — Renewable energy,Rainwater harvesting — Water conservation,Incineration — Clean air,Composting — Soil health,2,UTET 2026 Q127,1,2026
utet1,evs,पारिस्थितिकी,2,,,,,,निम्न में से कौन-सा कथन पारिस्थितिकी तंत्र में एक अजैविक और एक जैविक घटक के बीच पारस्परिक क्रिया दर्शाता है ?,टिड्डा पत्ते को खा रहा है,वर्षा जल झील में बह रहा है,केंचुआ मिट्टी में बिल बना रहा है,एक चूहा भोजन के लिए दूसरे चूहे से लड़ रहा है,Which statement shows the interaction of an abiotic component with a biotic component in an ecosystem ?,A grasshopper is eating the leaf,Rainwater is flowing into the lake,An earthworm is making a burrow in the soil,A mouse is fighting with another mouse for food,2,UTET 2026 Q128,1,2026
utet1,evs,सतत विकास,2,,,,,,किस प्रकार की निर्माण सामग्री का कार्बन फुटप्रिंट सबसे अधिक होता है ?,बाँस,पुनर्नवीनीकरण इस्पात,कंक्रीट,पुनर्निर्मित लकड़ी,Which type of construction material has the highest carbon footprint ?,Bamboo,Recycled steel,Concrete,Reclaimed wood,2,UTET 2026 Q129,1,2026
utet1,evs,सतत विकास,2,,,,,,निम्न में से किस खाद्य विकल्प का पर्यावरणीय प्रभाव सबसे कम है ?,लाल मांस,स्थानीय रूप से उगाई गई मौसमी सब्जियाँ,आयातित प्रसंस्कृत खाद्य पदार्थ,अवहनीय मत्स्य पालन से समुद्री भोजन,Which of the following food choices has the lowest environmental impact ?,Red meat,Locally grown seasonal vegetables,Imported processed food items,Seafood from unsustainable fisheries,1,UTET 2026 Q130,1,2026
utet1,evs,सतत विकास,2,,,,,,निम्न में से कौन अंतर-मॉडल परिवहन का उदाहरण है ?,स्कूल पैदल जाना,केवल बस का उपयोग,पहले बस और फिर ट्रेन से यात्रा करना,पूरी यात्रा कार से करना,Which of the following is an example of intermodal transport ?,Walking to school,Using only a bus,Travelling first by bus and then by train,Travelling the entire journey by car,2,UTET 2026 Q131,1,2026
utet1,evs,EVS शिक्षाशास्त्र,2,,,,,,EVS में शिक्षण अधिगम सामग्री (TLM) के उपयोग का मुख्य उद्देश्य है :,कक्षा को सजाना,विद्यार्थियों को व्यस्त रखना,प्रयोगात्मक एवं सहभागिता आधारित अधिगम को बढ़ावा देना,शिक्षक का समय बचाना,The main purpose of using Teaching Learning Materials (TLM) in EVS is to :,Decorate the classroom,Keep students busy,Promote hands-on and interactive learning,Save teacher's time,2,UTET 2026 Q132,1,2026
utet1,evs,सतत विकास,2,,,,,,यात्रा में 'कार्बन ऑफसेट' शब्द का क्या अर्थ है ?,अतिरिक्त कार्बन का उत्सर्जन करना,हरित परियोजनाओं का समर्थन करके उत्सर्जन की भरपाई करना,कार्बन उत्सर्जन की अनदेखी करना,यात्रा की दूरी पर नजर रखना,What does the term 'carbon offset' mean in travel ?,Emitting extra carbon,Compensating emissions by supporting green projects,Ignoring carbon emissions,Tracking the distance travelled,1,UTET 2026 Q133,1,2026
utet1,evs,प्रदूषण,2,,,,,,इनमें से कौन-से अपशिष्ट पदार्थ अजैव-निम्नीकरणीय की श्रेणी में आते हैं ?,"पौधों का कचरा, उपयोग किए गए टी बैग्स","पॉलीथीन बैग, प्लास्टिक के खिलौने","उपयोग किए गए टी बैग्स, कागज का स्ट्रॉ","पुराने कपड़े, टूटे हुए जूते",Which group of waste materials can be classified as non-biodegradable ?,"Plant waste, used tea bags","Polythene bags, plastic toys","Used tea bags, paper straw","Old clothes, broken footwear",1,UTET 2026 Q134,1,2026
utet1,evs,EVS शिक्षाशास्त्र,2,,,,,,निम्नलिखित में से कौन-सी गतिविधि बच्चों में पर्यावरणीय जागरूकता को सबसे बेहतर रूप में बढ़ावा देती है ?,वैज्ञानिक शब्दों को सीखना,टीवी कार्यक्रम देखना,पाठ्यपुस्तक के प्रश्नों को रट लेना,स्थानीय सफाई अभियान और ईको क्लब गतिविधियों में भाग लेना,Which of the following activities best promotes environmental awareness in children ?,Learning scientific terms,Watching TV programs,Memorizing textbook questions,Participating in local cleanliness drives and eco-club activities,3,UTET 2026 Q135,1,2026
utet1,evs,EVS शिक्षाशास्त्र,2,,,,,,निम्न में से कौन-सा CCE के अंतर्गत EVS का एक प्रारूपिक मूल्यांकन उपकरण है ?,वर्षांत परीक्षा,केवल मौखिक प्रश्न,विद्यार्थियों के कार्य का पोर्टफोलियो,अचानक लिया गया परीक्षण,Which of the following is a typical assessment tool of EVS under CCE ?,End-of-year exam,Oral questioning only,Portfolio of students' work,Surprise test,2,UTET 2026 Q136,1,2026
utet1,evs,कृषि एवं मृदा,2,,,,,,इनमें से कौन-सा खाद्य अपशिष्ट को खाद बनाने का लाभ है ?,इससे ग्रीनहाउस गैसों का उत्सर्जन बढ़ता है,यह लैंडफिल की आवश्यकता को कम करता है,यह मिट्टी को दूषित करता है,यह कीटों को आकर्षित करता है,Which of these is a benefit of composting food waste ?,It increases greenhouse gas emissions,It reduces the need for landfills,It contaminates soil,It attracts pests,1,UTET 2026 Q137,1,2026
utet1,evs,EVS शिक्षाशास्त्र,2,,,,,,प्राथमिक पाठ्यक्रम में EVS का क्षेत्र निम्न में से किसे छोड़कर सबको सम्मिलित करता है ?,प्राकृतिक एवं सामाजिक परिवेश की समझ विकसित करना,केवल सौंदर्यबोध का विकास करना,आलोचनात्मक सोच को बढ़ावा देना,कक्षा अधिगम को वास्तविक जीवन से जोड़ना,The scope of EVS in the primary curriculum includes all EXCEPT :,Developing understanding of natural and social environment,Developing aesthetic sense only,Promoting critical thinking,Linking classroom learning with real life,1,UTET 2026 Q138,1,2026
utet1,evs,सतत विकास,2,,,,,,टिकाऊ पर्यटन का प्राथमिक फोकस क्या है ?,लाभ को अधिकतम करना,"नकारात्मक सामाजिक, आर्थिक और पर्यावरणीय प्रभावों को कम करना",सांस्कृतिक आदान-प्रदान को बढ़ावा देना,पर्यटन के बुनियादी ढाँचे का विस्तार करना,What is the primary focus of sustainable tourism ?,Maximizing profits,"Minimizing negative social, economic and environmental impacts",Promoting cultural exchange,Expanding tourism infrastructure,1,UTET 2026 Q139,1,2026
utet1,evs,सतत विकास,2,,,,,,हरित बुनियादी ढाँचा जैसे हरी छतें शहरी क्षेत्रों में क्यों महत्वपूर्ण हैं ?,यह सतही अपवाह बढ़ाता है,यह जैव-विविधता को कम करता है,यह तूफानी पानी के प्रबंधन और शहरी क्षेत्रों को ठंडा करने में मदद करता है,इसका कोई पर्यावरणीय प्रभाव नहीं होता,"Why is green infrastructure, such as green roofs, important in urban areas ?",It increases surface runoff,It reduces biodiversity,It helps to manage storm water and cool urban areas,It has no environmental impact,2,UTET 2026 Q140,1,2026
utet1,evs,सतत विकास,2,,,,,,निम्नलिखित में से कौन-सा शिल्प सबसे कम गैर-नवीकरणीय संसाधनों का उपयोग करता है ?,प्लास्टिक की मूर्ति बनाना,धातु ढलाई,ऐक्रेलिक चित्रकला,बाँस बुनाई,Which of the following crafts uses the least non-renewable resources ?,Making plastic sculpture,Metal casting,Acrylic painting,Bamboo weaving,3,UTET 2026 Q141,1,2026
utet1,evs,ऊर्जा एवं जलवायु,2,,,,,,कचरे से ऊर्जा प्राप्त करने के कौन-कौन-से तरीके हो सकते हैं ? (i) ऊष्मा (ii) विद्युत (iii) सह-उत्पादन,(i) और (ii) द्वारा,(ii) और (iii) द्वारा,"(i), (ii) और (iii) द्वारा",उपरोक्त में से कोई नहीं,By which methods can energy be recovered from waste ? (i) Heat (ii) Electricity (iii) Co-generation,By (i) and (ii),By (ii) and (iii),"By (i), (ii) and (iii)",None of the above,2,UTET 2026 Q142,1,2026
utet1,evs,सतत विकास,2,,,,,,'कार्बन न्यूट्रैलिटी' का क्या अर्थ है ?,ऊर्जा का शून्य उपयोग,वाहनों के उपयोग से पूर्णतः बचना,उत्सर्जित और अवशोषित कार्बन का संतुलन बनाना,केवल कोयला आधारित ऊर्जा का उपयोग करना,What does 'carbon neutrality' mean ?,Zero use of energy,Completely avoiding use of vehicles,Balancing emitted and absorbed carbon,Using only coal-based power,2,UTET 2026 Q143,1,2026
utet1,evs,कृषि एवं मृदा,2,,,,,,कौन-सा पर्यावरणीय संकेतक सीधे वृक्षों की संख्या से प्रभावित होता है ?,ओजोन परत में क्षरण,मृदा अपरदन,ध्वनि प्रदूषण,विकिरण स्तर,Which environmental indicator is directly affected by the number of trees ?,Depletion in ozone layer,Soil erosion,Noise pollution,Radiation levels,1,UTET 2026 Q144,1,2026
utet1,evs,प्रदूषण,2,,,,,,क्रूज का पर्यावरणीय प्रभाव क्या है ?,वे समुद्री प्रदूषण को कम करते हैं,वे वायु और जल प्रदूषण में योगदान करते हैं,वे स्थानीय पारिस्थितिकी तंत्र का समर्थन करते हैं,वे टिकाऊ पर्यटन को बढ़ावा देते हैं,What is the environmental impact of cruises ?,They reduce marine pollution,They contribute to air and water pollution,They support local ecosystems,They promote sustainable tourism,1,UTET 2026 Q145,1,2026
utet1,evs,सतत विकास,2,,,,,,इनमें से कौन-सा 'पारिस्थितिक पदचिन्ह' का मापन है ?,कारखानों की संख्या,किसी व्यक्ति की जीवनशैली को बनाए रखने के लिए आवश्यक भूमि की मात्रा,कार द्वारा तय की गई दूरी,साक्षरता दर,Which of the following is an 'ecological footprint' measurement ?,Number of factories,The amount of land needed to support a person's lifestyle,Distance travelled by car,Literacy rate,1,UTET 2026 Q146,1,2026
utet1,evs,सतत विकास,2,,,,,,केवल स्थानीय रूप से उत्पादित भोजन खाने की प्रथा को क्या कहते हैं ?,लोकावोरिज्म,शाकाहार,जैविक खेती,एकल फसल,The practice of eating only what is produced locally is known as :,Locavorism,Veganism,Organic farming,Monoculture,0,UTET 2026 Q147,1,2026
utet1,evs,प्रदूषण,2,,,,,,पुनर्चक्रण के बारे में निम्न में से कौन-सा कथन गलत है ?,यह मूल्यवान संसाधनों को बचाता है,इसके लिए स्थिर बाजार की आवश्यकता होती है,यह उपचार प्रक्रियाओं की दक्षता को बढ़ाता है,यह कच्चे खनिजों की खनन आवश्यकता को बढ़ाता है,Which of the following statements about recycling is WRONG ?,It saves precious resources,It requires a stable market,It improves efficiency of treatment processes,It increases the need for mining of virgin materials,3,UTET 2026 Q148,1,2026
utet1,evs,प्रदूषण,2,,,,,,ठोस अपशिष्ट प्रबंधन की सबसे महँगी प्रक्रिया कौन-सी है ?,संग्रह,भंडारण,उपचार,पृथक्करण,What is the most expensive process of solid waste management ?,Collection,Storage,Treatment,Separation,0,UTET 2026 Q149,1,2026
utet1,evs,वन एवं संसाधन,2,,,,,,कई क्षेत्रों में ताजे पानी की कमी का मुख्य कारण क्या है ?,अत्यधिक वर्षा,कृषि और उद्योग के लिए अत्यधिक दोहन,मानवीय हस्तक्षेप की कमी,ग्लेशियरों की अनुपस्थिति,What is the main cause of freshwater scarcity in many regions ?,Excessive rainfall,Over-exploitation for agriculture and industry,Lack of human intervention,Absence of glaciers,1,UTET 2026 Q150,1,2026
