file,csv_line,source,section,issue_type,affected_fields,question_hi,question_en
q_utet2020.csv,11,UTET 2020 Q10,cdp,MISSING_ENGLISH,English option A is blank | English option B is blank | English option C is blank | English option D is blank,निम्नलिखित में से कौन से कारक व्यक्तित्व को प्रभावित करते हैं?,"Which of the following factors affect personality?

(i) Physical or hereditary determinants
(ii) Psychological determinants
(iii) Environmental determinants
(iv) Experimental determinants"
q_utet2020.csv,92,UTET 2020 Q91,math,MISSING_ENGLISH,English option A is blank | English option B is blank | English option C is blank | English option D is blank,निम्नलिखित मापों में कौन त्रिभुज का निर्माण कर सकता है?,Which of the following measures can form a triangle?
q_utet2020.csv,93,UTET 2020 Q92,math,MISSING_ENGLISH,English option A is blank | English option B is blank | English option C is blank | English option D is blank,log√2 √8 का मान है –,The value of log√2 √8 is –
q_utet2020.csv,95,UTET 2020 Q94,math,MISSING_ENGLISH,English option A is blank | English option B is blank | English option C is blank | English option D is blank,"एक रेलगाड़ी 800 मीटर तथा 400 मीटर लम्बे दो पुलों को क्रमशः 100 सेकेण्ड तथा 60 सेकेण्ड में पार करती है, तो रेलगाड़ी की लम्बाई होगी –",A train crosses two bridges of 800 m and 400 m long in 100 s and 60 s respectively. The length of the train will be –
q_utet2020.csv,97,UTET 2020 Q96,math,MISSING_ENGLISH,English option A is blank | English option B is blank | English option C is blank | English option D is blank,10 नल एक टैंक को 24 मिनट में भर सकते हैं। टैंक को 1 घण्टे में भरने के लिये कितने नलों की आवश्यकता होगी?,10 taps can fill a tank in 24 minutes. How many taps will be required to fill the tank in one hour?
q_utet2020.csv,98,UTET 2020 Q97,math,MISSING_ENGLISH,English option A is blank | English option B is blank | English option C is blank | English option D is blank,"तीन कक्षाओं में छात्रों का अनुपात 2 : 3 : 5 है। यदि तीनों कक्षाओं में 4 छात्र बढ़ा दिये जायें, तो अनुपात 4 : 5 : 7 हो जायेगा। तीनों कक्षाओं में कुल कितने छात्र हैं?","The ratio of students in three classes is 2 : 3 : 5. If 4 students are added to each class, the ratio becomes 4 : 5 : 7. What is the total number of students?"
q_utet2020.csv,99,UTET 2020 Q98,math,MISSING_ENGLISH,English option A is blank | English option B is blank | English option C is blank | English option D is blank,"√7 − √5, √5 − √3, √9 − √7, √11 − √9 में सबसे बड़ी संख्या है –","The largest number among √7 − √5, √5 − √3, √9 − √7, √11 − √9 is –"
q_utet2020.csv,100,UTET 2020 Q99,math,MISSING_ENGLISH,English option A is blank | English option B is blank | English option C is blank | English option D is blank,(17)²⁰⁰ को 18 से भाग देने पर शेषफल होगा –,"If (17)²⁰⁰ is divided by 18, the remainder will be –"
q_utet2020.csv,108,UTET 2020 Q107,math,MISSING_ENGLISH,English option A is blank | English option B is blank | English option C is blank | English option D is blank,18² तथा 19² के बीच में कितनी प्राकृत संख्याएँ स्थित हैं?,How many natural numbers lie between 18² and 19²?
q_utet2020.csv,110,UTET 2020 Q109,math,MISSING_ENGLISH,English option A is blank | English option B is blank | English option C is blank | English option D is blank,"दो भिन्नों का गुणनफल 14/15 है तथा उनका भागफल 35/24 है, तो बड़ी भिन्न है –",The product of two fractions is 14/15 and their quotient is 35/24. The greater fraction is –
q_utet2020.csv,111,UTET 2020 Q110,math,MISSING_ENGLISH,English option A is blank | English option B is blank | English option C is blank | English option D is blank,"एक तेल का टिन 4/5 भरा हुआ है। जब 6 बोतल तेल निकाल लिया जाता है और 4 बोतल तेल डाल दिया जाता है, तो यह 3/4 भरा हुआ है। पूरे टिन में कितने बोतल तेल भरा जा सकता है?","A tank of oil is 4/5 full. When 6 bottles of oil are taken out and 4 bottles are poured in, it is 3/4 full. How many bottles of oil can the whole tank contain?"
q_utet2020.csv,112,UTET 2020 Q111,math,MISSING_ENGLISH,English option A is blank | English option B is blank | English option C is blank | English option D is blank,"यदि a तथा b दो अलग-अलग प्राकृत संख्यायें हैं, तो इनमें से कौन-सा कथन सत्य है?","If a and b are two distinct natural numbers, which one of the following is true?"
q_utet2020.csv,114,UTET 2020 Q113,math,MISSING_ENGLISH,English option A is blank | English option B is blank | English option C is blank | English option D is blank,"X, Y तथा Z के लाभांश का अनुपात 2 : 3 : 7 है। यदि औसत लाभ ₹6000 है, तो Y का लाभांश है –","X, Y and Z share the profit in the ratio 2 : 3 : 7. If the average gain is ₹6000, then Y's share is –"
q_utet2020.csv,115,UTET 2020 Q114,math,MISSING_ENGLISH,English option A is blank | English option B is blank | English option C is blank | English option D is blank,"उस कोण की माप क्या होगी, जिसका सम्पूरक कोण उसके कोटिपूरक कोण का तीन गुना है?","The measure of an angle whose supplement is three times as large as its complement, is –"
q_utet2020.csv,116,UTET 2020 Q115,math,MISSING_ENGLISH,English option A is blank | English option B is blank | English option C is blank | English option D is blank,दो वर्गों के परिमाप 24 सेमी. तथा 32 सेमी. हैं। इन वर्गों के क्षेत्रफलों के योग के बराबर क्षेत्रफल वाले तीसरे वर्ग का परिमाप है –,"The perimeters of two squares are 24 cm and 32 cm. The perimeter of a third square, equal in area to the sum of the areas of these squares, is –"
q_utet2020.csv,117,UTET 2020 Q116,math,MISSING_ENGLISH,English option A is blank | English option B is blank | English option C is blank | English option D is blank,यदि 1 मिमी. भुजा वाले p वर्गों को मिलाकर 1 सेमी. भुजा का एक वर्ग बनाया जाता है तो p का मान है –,"If p squares of each side 1 mm make a square of side 1 cm, then p is equal to –"
q_utet2020.csv,119,UTET 2020 Q118,math,MISSING_ENGLISH,English option A is blank | English option B is blank | English option C is blank | English option D is blank,"पाँच क्रमागत प्राकृतिक संख्याओं का औसत M है। यदि अगली तीन प्राकृतिक संख्याओं को सम्मिलित किया जाये, तो नया औसत M से कितना अधिक है?","The average of five consecutive natural numbers is M. If the next three natural numbers are also included, how much more is the new average than M?"
q_utet2020.csv,120,UTET 2020 Q119,math,MISSING_ENGLISH,English option A is blank | English option B is blank | English option C is blank | English option D is blank,"यदि मूलधन और 5 वर्षों के साधारण ब्याज का अनुपात 10 : 3 है, तो ब्याज की दर है –","If the ratio of principal and the simple interest of 5 years is 10 : 3, then the rate of interest is –"
q_utet2020.csv,123,UTET 2020 Q122,evs,MISSING_ENGLISH,English option A is blank | English option B is blank | English option C is blank | English option D is blank,प्रोजेक्ट 'रेड पान्डा' शुरू हुआ –,Project 'Red Panda' was started in –
q_utet2020.csv,129,UTET 2020 Q128,evs,MISSING_ENGLISH,English option A is blank | English option B is blank | English option C is blank | English option D is blank,केंचुआ किसान का मित्र माना जाता है। निम्न में से उसके लिए सही कारण चुनें –,"Earthworms are considered friends of farmers. Select the correct reasons:

1. Earthworms eat dead leaves and plants, and their castings make the soil fertile.
2. Earthworms eat weeds and protect the main crop.
3. Earthworms burrow underground and loosen the soil.
4. Their burrowing allows air and water to enter the soil easily."
q_utet2020.csv,131,UTET 2020 Q130,evs,MISSING_ENGLISH,English option A is blank | English option B is blank | English option C is blank | English option D is blank,"यह सवाल पूछने पर ""अगर एक महीने तक बिजली नहीं मिली तो हमारा जीवन कैसे प्रभावित होगा?"" का उद्देश्य है –","Asking the question ""How will our life get affected if there were no electricity for a month?"" aims at –"
q_utet2020.csv,139,UTET 2020 Q138,evs,MISSING_ENGLISH,English option A is blank | English option B is blank | English option C is blank | English option D is blank,वायु प्रदूषण प्रकरण पढ़ाने के लिये चार अलग-अलग विज्ञान शिक्षक चार तरह की शिक्षण पद्धतियों का प्रयोग करते हैं। निम्नलिखित में से कौन सी पद्धति सबसे ज्यादा उचित है?,"To teach the chapter on Air pollution, four different Science teachers used different teaching methodologies. Which of them is best suited?"
q_utet2020.csv,141,UTET 2020 Q140,evs,MISSING_ENGLISH,English option A is blank | English option B is blank | English option C is blank | English option D is blank,मृत सागर क्या है?,What is Dead Sea?
q_utet2020.csv,143,UTET 2020 Q142,evs,MISSING_ENGLISH,English option A is blank | English option B is blank | English option C is blank | English option D is blank,निम्नलिखित में से कौन सा विटामिन कोशिकाओं की सुरक्षा में सहायक है?,Which of the following vitamins helps in protecting the cells?
q_utet2020.csv,144,UTET 2020 Q143,evs,MISSING_ENGLISH,English option A is blank | English option B is blank | English option C is blank | English option D is blank,पर्यावरण अध्ययन के शिक्षक के रूप में आप बच्चों को चिड़ियाघर ले जाने की योजना बनाते हैं। आप बच्चों को निम्नलिखित में से कौन सी गतिविधि करने की अनुमति **नहीं** देंगे?,"As a teacher of EVS, you plan a trip to a zoo. Which of the following activities would you not permit?"
q_utet2020.csv,145,UTET 2020 Q144,evs,MISSING_ENGLISH,English option A is blank | English option B is blank | English option C is blank | English option D is blank,प्राथमिक स्तर पर ई.वी.एस. पाठ्यपुस्तक में कविताओं और कहानियों की भूमिका होती है –,The role of poems and stories in the EVS textbook at primary level is to –
q_utet2020.csv,146,UTET 2020 Q145,evs,MISSING_ENGLISH,English option A is blank | English option B is blank | English option C is blank | English option D is blank,पर्यावरण अध्ययन के शिक्षक को –,A teacher of EVS should –
q_utet2020.csv,147,UTET 2020 Q146,evs,MISSING_ENGLISH,English option A is blank | English option B is blank | English option C is blank | English option D is blank,पर्यावरण अध्ययन में एक अच्छे दत्त कार्य (assignment) का मुख्य लक्ष्य होना चाहिये –,A good assignment in EVS should primarily aim at –
q_utet2025.csv,13,UTET 2025 Q12,cdp,MISSING_ENGLISH,English option A is blank | English option B is blank | English option C is blank | English option D is blank,एक सामान्य बालक में बुद्धि-लब्धि का स्तर होता है –,Level of intelligence quotient in a normal child is –
q_utet2025.csv,92,UTET 2025 Q91,math,MISSING_ENGLISH,English option A is blank | English option B is blank | English option C is blank | English option D is blank,एक व्यक्ति A से B तक 20 किमी/घंटे तथा B से A तक 30 किमी/घंटे की गति से जाता है। उसकी औसत चाल ........ किमी/घंटा होगी।,A person moves from A to B with a speed of 20 km/hr while from B to A with 30 km/hr. His average speed will be ........ km/hr.
q_utet2025.csv,93,UTET 2025 Q92,math,MISSING_ENGLISH,English option A is blank | English option B is blank | English option C is blank | English option D is blank,"माना y का साधारण ब्याज x तथा z का साधारण ब्याज y है। दोनों स्थितियों में दर प्रतिशत तथा समय समान है। तब x, y, z में सम्बन्ध है –","If simple interest of y is x while that of z is y for the same period with same rate, then relation among x, y, z is :"
q_utet2025.csv,95,UTET 2025 Q94,math,MISSING_ENGLISH,English option A is blank | English option B is blank | English option C is blank | English option D is blank,"निम्नलिखित अनुक्रम में अगला पद होगा : **2, 6, 12, 20, ........**",Next term in the following sequence will be :
q_utet2025.csv,96,UTET 2025 Q95,math,MISSING_ENGLISH,English option A is blank | English option B is blank | English option C is blank | English option D is blank,त्रिभुज के लिए सदैव सत्य कथन होगा –,"For a triangle, a true statement will be :"
q_utet2025.csv,97,UTET 2025 Q96,math,MISSING_ENGLISH,English option A is blank | English option B is blank | English option C is blank | English option D is blank,A एक काम को 15 दिन तथा B उसी काम को 10 दिनों में करता है। एक साथ मिलकर दोनों इस काम को कितने दिनों में समाप्त कर सकते हैं?,A completes some work in 15 days while B in 10 days. Together they will finish in :
q_utet2025.csv,98,UTET 2025 Q97,math,MISSING_ENGLISH,English option A is blank | English option B is blank | English option C is blank | English option D is blank,"यदि 6 व्यक्ति प्रतिदिन 8 घंटे काम करके एक सप्ताह में ₹8400 कमाते हैं, तो 9 व्यक्ति प्रतिदिन 6 घंटे काम करके एक सप्ताह में कितना कमायेंगे?","If 6 people earn ₹8400 in a week doing 8 hours work daily, how much will 9 people earn weekly doing 6 hours daily?"
q_utet2025.csv,100,UTET 2025 Q99,math,MISSING_ENGLISH,English option A is blank | English option B is blank | English option C is blank | English option D is blank,"यदि आयत की एक भुजा को 20% बढ़ाया जाता है तथा दूसरी भुजा को 5% बढ़ाया जाता है, तो क्षेत्रफल में प्रतिशत परिवर्तन होगा –","If one side of a rectangle is increased by 20% and the other by 5%, percentage change in area will be :"
q_utet2025.csv,102,UTET 2025 Q101,math,MISSING_ENGLISH,English option A is blank | English option B is blank | English option C is blank | English option D is blank,"एक टंकी में दो पाइप A तथा B लगे हैं। पाइप A टंकी को 2 घंटे में तथा B, 3 घंटे में भर सकता है। यदि दोनों पाइपों को एक साथ खोला जाये, तो टंकी कितने समय में भर जायेगी?","Pipe A can fill a tank in 2 hours while B in 3 hours. If both are opened simultaneously, tank will be filled in :"
q_utet2025.csv,103,UTET 2025 Q102,math,MISSING_ENGLISH,English option A is blank | English option B is blank | English option C is blank | English option D is blank,"110 मी लम्बी ट्रेन, स्टेशन को 36 किमी/घंटे की चाल से पार करती है। एक बिन्दु को पार करने में समय लगेगा –",A 110 m long train with speed 36 km/hr will cross a point in :
q_utet2025.csv,107,UTET 2025 Q106,math,MISSING_ENGLISH,English option A is blank | English option B is blank | English option C is blank | English option D is blank,"₹15 प्रति किग्रा वाली चीनी को, ₹20 प्रति किग्रा चीनी के साथ 2 : 3 में मिलाया गया, तो मिश्रण का प्रति किग्रा मूल्य होगा –","Sugar of ₹15/kg is mixed with sugar of ₹20/kg in the ratio 2 : 3, then per kg rate of mixture is :"
q_utet2025.csv,110,UTET 2025 Q109,math,MISSING_ENGLISH,English option A is blank | English option B is blank | English option C is blank | English option D is blank,"एक संख्या का 20% यदि 240 है, तो इसी संख्या का 120% होगा –","If 20% of a number is 240, then 120% of the same number will be :"
q_utet2025.csv,111,UTET 2025 Q110,math,MISSING_ENGLISH,English option A is blank | English option B is blank | English option C is blank | English option D is blank,"यदि दो संख्याओं का योग एवं गुणनफल क्रमशः 25 तथा 144 हों, तो उनका अन्तर होगा –","If sum and product of two numbers are 25 and 144 respectively, their difference will be :"
q_utet2025.csv,113,UTET 2025 Q112,math,MISSING_ENGLISH,English option A is blank | English option B is blank | English option C is blank | English option D is blank,समान्तर चतुर्भुज का एक कोण अपने सबसे नजदीकी (संलग्न) कोण का दो-तिहाई है। समान्तर चतुर्भुज का न्यूनतम कोण होगा –,"If an angle of a parallelogram is two-third of its adjacent angle, then the smallest angle is :"
q_utet2025.csv,114,UTET 2025 Q113,math,MISSING_ENGLISH,English option A is blank | English option B is blank | English option C is blank | English option D is blank,"तीन क्रमिक छूटों 20%, 10% और 5% का एक समतुल्य छूट होगी –","Equivalent discount of three successive discounts of 20%, 10% and 5% will be :"
q_utet2025.csv,115,UTET 2025 Q114,math,MISSING_ENGLISH,English option A is blank | English option B is blank | English option C is blank | English option D is blank,"एक नाविक धारा की दिशा में 5 मिनट में 1 किमी चलता है, जबकि धारा के विपरीत 1 घंटे में 6 किमी। धारा की चाल ........ किमी/घंटे है।",A sailor covers 1 km in 5 min along the stream while 6 km in 1 hour against the stream. Speed of stream is :
q_utet2025.csv,117,UTET 2025 Q116,math,MISSING_ENGLISH,English option A is blank | English option B is blank | English option C is blank | English option D is blank,1 से 199 के बीच 13 से विभाजित होने वाले पूर्णांकों का औसत होगा –,"Average of integers divisible by 13, between 1 & 199 is :"
q_utet2025.csv,118,UTET 2025 Q117,math,MISSING_ENGLISH,English option A is blank | English option B is blank | English option C is blank | English option D is blank,"एक बैग में 50 पैसे, 25 पैसे, 20 पैसे तथा 5 पैसे के सिक्कों की संख्या बराबर है। यदि कुल राशि ₹40 हो, तो प्रत्येक प्रकार के सिक्कों की संख्या होगी –","There are equal numbers of coins of 50, 25, 20 and 5 paise. If total amount is ₹40, then number of each type of coin is :"
q_utet2025.csv,119,UTET 2025 Q118,math,MISSING_ENGLISH,English option A is blank | English option B is blank | English option C is blank | English option D is blank,गणित को रुचिकर बनाने के लिए शिक्षक को क्या करना चाहिए?,"To make mathematics interesting, what should a teacher do?"
q_utet2025.csv,120,UTET 2025 Q119,math,MISSING_ENGLISH,English option A is blank | English option B is blank | English option C is blank | English option D is blank,"किस वार्षिक चक्रवृद्धि ब्याज की दर से ₹625, दो वर्ष में ₹676 हो जायेंगे?",At which rate of compound interest will ₹625 become ₹676 in two years?
q_utet2025.csv,121,UTET 2025 Q120,math,MISSING_ENGLISH,English option A is blank | English option B is blank | English option C is blank | English option D is blank,"एक वस्तु को ₹240 में बेचने पर व्यक्ति को 10% की हानि होती है। अब वह इसे कितने में बेचे, जिससे उसे 20% का लाभ हो?","On selling an article at ₹240, a person has 10% loss. What should be the selling price to get 20% profit?"
q_utet2025.csv,124,UTET 2025 Q123,evs,MISSING_ENGLISH,English option A is blank | English option B is blank | English option C is blank | English option D is blank,राइनो डीएनए इंडेक्स सिस्टम (RhoDIS) किस मन्त्रालय द्वारा प्रारम्भ किया गया था?,Rhino DNA Index System (RhoDIS) was launched by which Ministry?
q_utet2025.csv,127,UTET 2025 Q126,evs,MISSING_ENGLISH,English option A is blank | English option B is blank | English option C is blank | English option D is blank,"पर्यावरण, वन और जलवायु परिवर्तन मंत्रालय ने ग्रीन हाउस गैस उत्सर्जन तीव्रता (GEI) लक्ष्य नियम, 2025 कब अधिसूचित किया?","When did the MoEFCC notify the Green House Gases Emissions Intensity (GEI) Target Rules, 2025?"
q_utet2025.csv,129,UTET 2025 Q128,evs,MISSING_ENGLISH,English option A is blank | English option B is blank | English option C is blank | English option D is blank,भारत में कितने जैव-भौगोलिक क्षेत्र हैं?,How many bio-geographical zones are in India?
q_utet2025.csv,130,UTET 2025 Q129,evs,MISSING_ENGLISH,English question is blank | English option A is blank | English option B is blank | English option C is blank | English option D is blank,"राष्ट्रीय पाठ्यचर्या रूपरेखा (NCF) 2005 के अनुसार, प्राथमिक स्तर पर EVS शिक्षण-अधिगम के दायरे के बारे में निम्नलिखित में से कौन-सा/से कथन सही है/हैं?",
q_utet2025.csv,131,UTET 2025 Q130,evs,MISSING_ENGLISH,English option A is blank | English option B is blank | English option C is blank | English option D is blank,निम्नलिखित में से कौन-सा सतत विकास लक्ष्य (SDG) सभी के लिए जल और स्वच्छता की उपलब्धता और सतत प्रबंधन सुनिश्चित करता है?,Which SDG ensures availability and sustainable management of water and sanitation for all?
q_utet2025.csv,132,UTET 2025 Q131,evs,MISSING_ENGLISH,English question is blank | English option A is blank | English option B is blank | English option C is blank | English option D is blank,राजेश कक्षा 5 के शिक्षक हैं। वह विद्यार्थियों को 'वृक्ष संरक्षण' की अवधारणा के प्रति संवेदनशील बनाने की योजना बना रहे हैं। निम्नलिखित में से कौन-सी गतिविधि इस उद्देश्य के लिए सबसे उपयुक्त है?,
q_utet2025.csv,136,UTET 2025 Q135,evs,MISSING_ENGLISH,English question is blank | English option A is blank | English option B is blank | English option C is blank | English option D is blank,प्राथमिक छात्रों के लिए EVS में निम्नलिखित में से कौन-सी सबसे उपयुक्त रचनात्मक (formative) मूल्यांकन रणनीति है?,
q_utet2025.csv,138,UTET 2025 Q137,evs,MISSING_ENGLISH,English option A is blank | English option B is blank | English option C is blank | English option D is blank,'कार्बन फुटप्रिंट' शब्द का तात्पर्य है –,The term carbon footprint refers to :
q_utet2025.csv,139,UTET 2025 Q138,evs,MISSING_ENGLISH,English question is blank | English option A is blank | English option B is blank | English option C is blank | English option D is blank,"समूह चर्चा के दौरान, प्रिया ने सुझाव दिया कि केवल लड़कों को ही पवनचक्की का मॉडल बनाने के लिए उपकरण चलाने चाहिए, जबकि लड़कियों को उसे सजाने पर ध्यान केन्द्रित करना चाहिए। शिक्षिका ने लड़के और लड़कियों दोनों को गतिविधि के सभी भागों को आजमाने के लिए प्रोत्साहित किया। शिक्षिका का यह कार्य किस EVS पाठ्यचर्या सम्बन्धी अपेक्षा का समर्थन करता है?",
q_utet2025.csv,147,UTET 2025 Q146,evs,MISSING_ENGLISH,English question is blank | English option A is blank | English option B is blank | English option C is blank | English option D is blank,निम्नलिखित ग्रीन हाउस गैसों को उनकी वैश्विक तापन क्षमता (GWP) के घटते क्रम में व्यवस्थित करें :,
q_utet2025.csv,151,UTET 2025 Q150,evs,MISSING_ENGLISH,English option A is blank | English option B is blank | English option C is blank | English option D is blank,पर्यावरण अध्ययन पढ़ाने के लिए निम्नलिखित में से कौन-सा उद्देश्य आवश्यक **नहीं** है?,Which of the following objectives is not required to teach Environmental Studies?
q_utet2026.csv,3,UTET 2026 Q2,cdp,MISSING_ENGLISH,English option A is blank | English option B is blank | English option C is blank | English option D is blank,"यदि कोई बच्चा आर्थिक रूप से कमजोर होने के कारण किताबें नहीं खरीद सकता, तो शिक्षक को क्या करना चाहिए?",What should a teacher do if a child cannot buy books due to financial constraints?
q_utet2026.csv,5,UTET 2026 Q4,cdp,MISSING_ENGLISH,English option A is blank | English option B is blank | English option C is blank | English option D is blank,निम्न में से कौन-सा कथन सही है?,Which of the following statements is correct?
q_utet2026.csv,11,UTET 2026 Q10,cdp,MISSING_ENGLISH,English option A is blank | English option B is blank | English option C is blank | English option D is blank,निम्न में से कौन-सा व्यवहार शिक्षक के पूर्वाग्रह को दर्शाता है?,Which behaviour reflects a teacher's bias?
q_utet2026.csv,12,UTET 2026 Q11,cdp,MISSING_ENGLISH,English option A is blank | English option B is blank | English option C is blank | English option D is blank,"यदि बच्चे किसी समस्या के अलग-अलग समाधान प्रस्तुत करते हैं, तो शिक्षक को क्या करना चाहिए?","If children suggest different solutions to a problem, the teacher should :"
q_utet2026.csv,15,UTET 2026 Q14,cdp,MISSING_ENGLISH,English option A is blank | English option B is blank | English option C is blank | English option D is blank,बाल विकास का अर्थ है :,The meaning of child development is :
q_utet2026.csv,16,UTET 2026 Q15,cdp,MISSING_ENGLISH,English option A is blank | English option B is blank | English option C is blank | English option D is blank,वाइगोत्स्की के अनुसार संज्ञानात्मक विकास को प्रभावित करने वाला कारक है :,"According to Vygotsky, cognitive development is influenced by :"
q_utet2026.csv,17,UTET 2026 Q16,cdp,MISSING_ENGLISH,English option A is blank | English option B is blank | English option C is blank | English option D is blank,मूर्त संक्रियात्मक अवस्था की आयु होती है :,The concrete operational stage occurs at the age of :
q_utet2026.csv,93,UTET 2026 Q92,math,MISSING_ENGLISH,English question is blank | English option A is blank | English option B is blank | English option C is blank | English option D is blank,$\dfrac{(2.3)^3 - 0.027}{(2.3)^2 + 0.69 + 0.09}$ का मान क्या है?,
q_utet2026.csv,94,UTET 2026 Q93,math,MISSING_ENGLISH,English question is blank | English option A is blank | English option B is blank | English option C is blank | English option D is blank,किसी वर्ग की लंबाई व चौड़ाई क्रमशः 40% और 20% बढ़ा दी जाती है तथा एक दूसरा आयत बनाया जाता है। आयत और वर्ग के क्षेत्रफल का प्रतिशत अन्तर होगा :,
q_utet2026.csv,95,UTET 2026 Q94,math,MISSING_ENGLISH,English question is blank | English option A is blank | English option B is blank | English option C is blank | English option D is blank,"यदि 3 आदमी या 4 औरतें किसी खेत को 43 दिन में जोत देते हैं, तो 7 आदमी और 5 औरतें उसे कितने दिनों में जोतेंगे?",
q_utet2026.csv,96,UTET 2026 Q95,math,MISSING_ENGLISH,English question is blank | English option A is blank | English option B is blank | English option C is blank | English option D is blank,"एक वस्तु को ₹240 में बेचने पर व्यक्ति को 10% की हानि होती है, अब वह इसे कितने में बेचे जिससे उसे 20% का लाभ हो?",
q_utet2026.csv,97,UTET 2026 Q96,math,MISSING_ENGLISH,English question is blank,"जब दो चर वाले रैखिक समीकरण का ग्राफ खींचा जाता है, तो यह सदैव होता है :",
q_utet2026.csv,98,UTET 2026 Q97,math,MISSING_ENGLISH,English question is blank | English option A is blank | English option B is blank | English option C is blank | English option D is blank,"10 संख्याओं का माध्य 0 है। यदि इन संख्याओं में 72 और −12 को शामिल कर लिया जाए, तो नया माध्य क्या होगा?",
q_utet2026.csv,99,UTET 2026 Q98,math,MISSING_ENGLISH,English question is blank | English option A is blank | English option B is blank | English option C is blank | English option D is blank,360 के भाजकों की संख्या क्या है?,
q_utet2026.csv,100,UTET 2026 Q99,math,MISSING_ENGLISH,English question is blank | English option A is blank | English option B is blank | English option C is blank | English option D is blank,गणित शिक्षण में सबसे महत्वपूर्ण पहलू क्या है?,
q_utet2026.csv,101,UTET 2026 Q100,math,MISSING_ENGLISH,English question is blank | English option A is blank | English option B is blank | English option C is blank | English option D is blank,"यदि दो संख्याओं का योग एवं गुणनफल क्रमशः 25 तथा 144 हों, तो उनका अन्तर होगा :",
q_utet2026.csv,102,UTET 2026 Q101,math,MISSING_ENGLISH,English question is blank | English option A is blank | English option B is blank | English option C is blank | English option D is blank,एक परिमेय संख्या और एक अपरिमेय संख्या का गुणनफल क्या होता है?,
q_utet2026.csv,103,UTET 2026 Q102,math,MISSING_ENGLISH,English question is blank | English option A is blank | English option B is blank | English option C is blank | English option D is blank,$\dfrac{1}{1+\sqrt2} + \dfrac{1}{\sqrt2+\sqrt3} + \ldots + \dfrac{1}{\sqrt{15}+\sqrt{16}}$ का मान क्या है?,
q_utet2026.csv,104,UTET 2026 Q103,math,MISSING_ENGLISH,English question is blank | English option A is blank | English option B is blank | English option C is blank | English option D is blank,"x का वास्तविक मान, जिसके लिए |x| < 3 है, क्या है?",
q_utet2026.csv,105,UTET 2026 Q104,math,MISSING_ENGLISH,English question is blank | English option A is blank | English option B is blank | English option C is blank | English option D is blank,"पाँच ट्रैफिक लाइटें क्रमशः 8, 10, 12, 15 और 20 सेकण्ड के अन्तराल पर चमकती हैं। यदि वे एक साथ चमकती हैं, तो कितने सेकण्ड बाद वे पुनः एक साथ चमकेंगी?",
q_utet2026.csv,107,UTET 2026 Q106,math,MISSING_ENGLISH,English question is blank | English option A is blank | English option B is blank | English option C is blank | English option D is blank,"यदि n कोई धन पूर्णांक संख्या है, तो √n :",
q_utet2026.csv,108,UTET 2026 Q107,math,MISSING_ENGLISH,English question is blank | English option A is blank | English option B is blank | English option C is blank | English option D is blank,216 मी³ आयतन वाले एक घनाभ में 6 सेमी भुजा वाले कितने घन फिट किए जा सकते हैं?,
q_utet2026.csv,109,UTET 2026 Q108,math,MISSING_ENGLISH,English question is blank | English option A is blank | English option B is blank | English option C is blank | English option D is blank,जुड़वाँ अभाज्य संख्याएँ हैं :,
q_utet2026.csv,110,UTET 2026 Q109,math,MISSING_ENGLISH,English question is blank | English option A is blank | English option B is blank | English option C is blank | English option D is blank,1 से 199 के बीच 13 से विभाजित होने वाले पूर्णांकों का औसत होगा :,
q_utet2026.csv,111,UTET 2026 Q110,math,MISSING_ENGLISH,English question is blank,"एक समबाहु त्रिभुज के अन्तःकेन्द्र, परिकेन्द्र तथा लम्बकेन्द्र होते हैं :",
q_utet2026.csv,112,UTET 2026 Q111,math,MISSING_ENGLISH,English question is blank | English option A is blank | English option B is blank | English option C is blank | English option D is blank,1780 में कौन-सी न्यूनतम संख्या जोड़कर उसे पूर्ण वर्ग बनाया जा सकता है?,
q_utet2026.csv,113,UTET 2026 Q112,math,MISSING_ENGLISH,English question is blank | English option A is blank | English option B is blank | English option C is blank | English option D is blank,निम्न समअष्टभुज में समरूपता की कितनी रेखाएँ हैं?,
q_utet2026.csv,114,UTET 2026 Q113,math,MISSING_ENGLISH,English question is blank | English option A is blank | English option B is blank | English option C is blank | English option D is blank,"यदि 135 मी लम्बी एक रेलगाड़ी 54 किमी/घण्टे की चाल से गतिमान है, तब यह एक टेलीग्राफ के खम्भे को पार करने में कितना समय लेगी?",
q_utet2026.csv,115,UTET 2026 Q114,math,MISSING_ENGLISH,English question is blank,एक बालक दिए गए माप के आधार पर एक त्रिभुज की रचना कर पाता है। बालक की इस गतिविधि द्वारा किस मुख्य उद्देश्य की पूर्ति होती है?,
q_utet2026.csv,116,UTET 2026 Q115,math,MISSING_ENGLISH,English question is blank | English option A is blank | English option B is blank | English option C is blank | English option D is blank,"एक संख्या का 20% यदि 240 है, तो इसी संख्या का 120% होगा :",
q_utet2026.csv,118,UTET 2026 Q117,math,MISSING_ENGLISH,English question is blank | English option A is blank | English option B is blank | English option C is blank | English option D is blank,गणित शिक्षण में 'मूल्यांकन' का क्या महत्व है?,
q_utet2026.csv,119,UTET 2026 Q118,math,MISSING_ENGLISH,English question is blank | English option A is blank | English option B is blank | English option C is blank | English option D is blank,"यदि A : B = 2 : 3, B : C = 4 : 5, C : D = 3 : 7, तो ₹2100 के कुल धन में A का भाग क्या है?",
q_utet2026.csv,120,UTET 2026 Q119,math,MISSING_ENGLISH,English question is blank,गणित की सभी शाखाओं में प्राचीनतम कौन-सी है?,
q_utet2026.csv,121,UTET 2026 Q120,math,MISSING_ENGLISH,English question is blank | English option A is blank | English option B is blank | English option C is blank | English option D is blank,गणित शिक्षण के मूल्यांकन में ब्लूप्रिंट है :,
q_utet2026.csv,123,UTET 2026 Q122,evs,MISSING_ENGLISH,English option A is blank | English option B is blank | English option C is blank | English option D is blank,स्थानीय अर्थव्यवस्थाओं का समर्थन करना क्यों महत्वपूर्ण है?,Why is it important to support local economies?
q_utet2026.csv,124,UTET 2026 Q123,evs,MISSING_ENGLISH,English option A is blank | English option B is blank | English option C is blank | English option D is blank,निम्न में से कौन-सी विशेषता टिकाऊ आवास की है?,Which is a characteristic of sustainable housing?
q_utet2026.csv,125,UTET 2026 Q124,evs,MISSING_ENGLISH,English option A is blank | English option B is blank | English option C is blank | English option D is blank,भारत में पारंपरिक संयुक्त परिवार प्रणाली को निम्न में से सबसे अधिक किस सामाजिक परिवर्तन ने प्रभावित किया है?,Which sociological change has significantly affected the traditional joint family system in India?
q_utet2026.csv,127,UTET 2026 Q126,evs,MISSING_ENGLISH,English question is blank | English option A is blank | English option B is blank | English option C is blank | English option D is blank,EVS के संदर्भ में विषयवस्तु की विषयगत (thematic) संरचना का अर्थ है :,
q_utet2026.csv,128,UTET 2026 Q127,evs,MISSING_ENGLISH,English option A is blank | English option B is blank | English option C is blank | English option D is blank,निम्नलिखित में से कौन-सी पर्यावरणीय प्रथा **गलत** रूप में जोड़ी गई है?,Which environmental practice is incorrectly matched?
q_utet2026.csv,129,UTET 2026 Q128,evs,MISSING_ENGLISH,English question is blank | English option A is blank | English option B is blank | English option C is blank | English option D is blank,निम्न में से कौन-सा कथन पारिस्थितिकी तंत्र में एक **अजैविक** घटक और एक **जैविक** घटक के बीच पारस्परिक क्रिया को दर्शाता है?,
q_utet2026.csv,130,UTET 2026 Q129,evs,MISSING_ENGLISH,English question is blank,किस प्रकार की निर्माण सामग्री का कार्बन फुटप्रिंट सबसे अधिक होता है?,
q_utet2026.csv,131,UTET 2026 Q130,evs,MISSING_ENGLISH,English question is blank | English option A is blank | English option B is blank | English option C is blank | English option D is blank,निम्न में से किस खाद्य विकल्प का पर्यावरणीय प्रभाव सबसे कम है?,
q_utet2026.csv,132,UTET 2026 Q131,evs,MISSING_ENGLISH,English question is blank | English option A is blank | English option B is blank | English option C is blank | English option D is blank,निम्न में से कौन अंतर-मॉडल (intermodal) परिवहन का उदाहरण है?,
q_utet2026.csv,133,UTET 2026 Q132,evs,MISSING_ENGLISH,English question is blank | English option A is blank | English option B is blank | English option C is blank | English option D is blank,EVS में शिक्षण-अधिगम सामग्री (TLM) के उपयोग का मुख्य उद्देश्य है :,
q_utet2026.csv,134,UTET 2026 Q133,evs,MISSING_ENGLISH,English question is blank | English option A is blank | English option B is blank | English option C is blank | English option D is blank,"यात्रा में ""कार्बन ऑफसेट"" शब्द का क्या अर्थ है?",
q_utet2026.csv,135,UTET 2026 Q134,evs,MISSING_ENGLISH,English question is blank | English option A is blank | English option B is blank | English option C is blank | English option D is blank,इनमें से कौन-से अपशिष्ट पदार्थ **अजैव निम्नीकरणीय** की श्रेणी में आते हैं?,
q_utet2026.csv,136,UTET 2026 Q135,evs,MISSING_ENGLISH,English question is blank | English option A is blank | English option B is blank | English option C is blank | English option D is blank,निम्नलिखित में से कौन-सी गतिविधि बच्चों में पर्यावरणीय जागरूकता को सबसे बेहतर रूप में बढ़ावा देती है?,
q_utet2026.csv,137,UTET 2026 Q136,evs,MISSING_ENGLISH,English question is blank | English option A is blank | English option B is blank | English option C is blank | English option D is blank,निम्न में से कौन-सा CCE के अंतर्गत EVS का एक प्रारूपिक (formative) मूल्यांकन उपकरण है?,
q_utet2026.csv,138,UTET 2026 Q137,evs,MISSING_ENGLISH,English question is blank | English option A is blank | English option B is blank | English option C is blank | English option D is blank,इनमें से कौन-सा खाद्य अपशिष्ट को खाद बनाने (composting) का लाभ है?,
q_utet2026.csv,139,UTET 2026 Q138,evs,MISSING_ENGLISH,English question is blank | English option A is blank | English option B is blank | English option C is blank | English option D is blank,प्राथमिक पाठ्यक्रम में EVS का क्षेत्र निम्न में से किसे **छोड़कर** सबको सम्मिलित करता है?,
q_utet2026.csv,140,UTET 2026 Q139,evs,MISSING_ENGLISH,English question is blank | English option A is blank | English option B is blank | English option C is blank | English option D is blank,टिकाऊ पर्यटन का प्राथमिक फोकस क्या है?,
q_utet2026.csv,141,UTET 2026 Q140,evs,MISSING_ENGLISH,English question is blank | English option A is blank | English option B is blank | English option C is blank | English option D is blank,हरी छतें जैसे हरित बुनियादी ढाँचा शहरी क्षेत्रों में क्यों महत्वपूर्ण है?,
q_utet2026.csv,142,UTET 2026 Q141,evs,MISSING_ENGLISH,English question is blank | English option A is blank | English option B is blank | English option C is blank | English option D is blank,निम्नलिखित में से कौन-सा शिल्प सबसे कम गैर-नवीकरणीय संसाधनों का उपयोग करता है?,
q_utet2026.csv,143,UTET 2026 Q142,evs,MISSING_ENGLISH,English question is blank | English option A is blank | English option B is blank | English option C is blank | English option D is blank,कचरे से ऊर्जा प्राप्त करने के कौन-कौन-से तरीके हो सकते हैं?,
q_utet2026.csv,144,UTET 2026 Q143,evs,MISSING_ENGLISH,English question is blank | English option A is blank | English option B is blank | English option C is blank | English option D is blank,"""कार्बन न्यूट्रैलिटी"" का क्या अर्थ है?",
q_utet2026.csv,145,UTET 2026 Q144,evs,MISSING_ENGLISH,English question is blank | English option A is blank | English option B is blank | English option C is blank | English option D is blank,कौन-सा पर्यावरणीय संकेतक सीधे वृक्षों की संख्या से प्रभावित होता है?,
q_utet2026.csv,146,UTET 2026 Q145,evs,MISSING_ENGLISH,English question is blank | English option A is blank | English option B is blank | English option C is blank | English option D is blank,क्रूज का पर्यावरणीय प्रभाव क्या है?,
q_utet2026.csv,147,UTET 2026 Q146,evs,MISSING_ENGLISH,English question is blank | English option A is blank | English option B is blank | English option C is blank | English option D is blank,इनमें से कौन-सा 'पारिस्थितिक पदचिन्ह' (ecological footprint) का मापन है?,
q_utet2026.csv,148,UTET 2026 Q147,evs,MISSING_ENGLISH,English question is blank,केवल स्थानीय रूप से उत्पादित भोजन खाने की प्रथा को क्या कहते हैं?,
q_utet2026.csv,149,UTET 2026 Q148,evs,MISSING_ENGLISH,English question is blank | English option A is blank | English option B is blank | English option C is blank | English option D is blank,पुनर्चक्रण (recycling) के बारे में निम्न में से कौन-सा कथन **गलत** है?,
q_utet2026.csv,150,UTET 2026 Q149,evs,MISSING_ENGLISH,English question is blank,ठोस अपशिष्ट प्रबंध की सबसे महँगी प्रक्रिया कौन-सी है?,
q_utet2026.csv,151,UTET 2026 Q150,evs,MISSING_ENGLISH,English question is blank | English option A is blank | English option B is blank | English option C is blank | English option D is blank,कई क्षेत्रों में ताजे पानी की कमी का मुख्य कारण क्या है?,
